model,fold,accuracy,macro_precision,macro_recall,macro_f1
Random Forest (100 Trees),1,0.5925,0.6212,0.7391,0.5971
Random Forest (100 Trees),2,0.7329,0.6203,0.7143,0.6222
Random Forest (100 Trees),3,0.74,0.6624,0.6812,0.6624
Random Forest (100 Trees),4,0.5411,0.6132,0.6304,0.588
Random Forest (100 Trees),5,0.312,0.5476,0.6692,0.4462
XGBoost,1,0.5934,0.6052,0.7047,0.5892
XGBoost,2,0.722,0.5964,0.6628,0.5972
XGBoost,3,0.7144,0.6364,0.6452,0.636
XGBoost,4,0.4872,0.5636,0.5667,0.5403
XGBoost,5,0.323,0.5291,0.6175,0.4351
Logistic Regression,1,0.6263,0.3064,0.445,0.3575
Logistic Regression,2,0.7648,0.4431,0.4658,0.4379
Logistic Regression,3,0.6378,0.6757,0.4596,0.3985
Logistic Regression,4,0.5036,0.463,0.4521,0.3158
Logistic Regression,5,0.2053,0.1167,0.4416,0.1829
Dummy (Stratified),1,0.2753,0.2438,0.2374,0.2259
Dummy (Stratified),2,0.2625,0.2436,0.251,0.2206
Dummy (Stratified),3,0.2582,0.2713,0.2663,0.2417
Dummy (Stratified),4,0.2527,0.2535,0.2353,0.2196
Dummy (Stratified),5,0.2026,0.2625,0.2517,0.1709
