Value,File,LineNumber,LineSnippet,Status
84,SIH_EVIDENCE/01_EXECUTIVE_SUMMARY.md,11,"- In Phase 1, Random Forest achieved 100% Macro-F1 under random train-test splitting on 84 testbed f",VERIFIED
"18,842",SIH_EVIDENCE/01_EXECUTIVE_SUMMARY.md,15,"2. **Large-Scale Generalization Benchmark (18,842 Flows)**:",VERIFIED
"18,842",SIH_EVIDENCE/01_EXECUTIVE_SUMMARY.md,27,"## 2. Benchmark Summary Table (Combined Dataset: 18,842 Flows)",VERIFIED
"18,842",SIH_EVIDENCE/01_EXECUTIVE_SUMMARY.md,46,"*Fig 2: Large-scale multi-model comparison across 18,842 flows.*",VERIFIED
"18,842",SIH_EVIDENCE/02_DATASET_PROVENANCE_AND_INTEGRITY.md,2,"**Dataset Size**: 18,842 total flows across 2 Provenance Tiers",VERIFIED
84,SIH_EVIDENCE/02_DATASET_PROVENANCE_AND_INTEGRITY.md,9,- **Flow Count**: 84,VERIFIED
5097,SIH_EVIDENCE/02_DATASET_PROVENANCE_AND_INTEGRITY.md,18,"- **Class Breakdown**: {""BULK"": 5835, ""ICMP"": 5097, ""WEB"": 5000, ""INTERACTIVE"": 2826}",VERIFIED
"18,842",SIH_EVIDENCE/02_DATASET_PROVENANCE_AND_INTEGRITY.md,24,"- **Missing Values in Shared Features**: 0 across all 18,842 rows",VERIFIED
"18,842",SIH_EVIDENCE/02_PROBLEM_AND_SOLUTION.md,14,"- **Multi-Topology Machine Learning Engine**: Evaluated across **18,842 flows** across synthetic and",VERIFIED
"18,842",SIH_EVIDENCE/04_DATASET_AUDIT.md,4,"**Total Benchmark Flow Samples**: `18,842`",VERIFIED
84,SIH_EVIDENCE/04_DATASET_AUDIT.md,15,"| `DS1_CUSTOM_IPSEC` | **1** | `BULK, ICMP, INTERACTIVE, WEB` | 84 | 0.45% |",VERIFIED
"5,103",SIH_EVIDENCE/04_DATASET_AUDIT.md,24,"| **ICMP** | 5,103 | 27.08% | ICMP Ping, HTTP GET/POST, Bulk Binary, API Bursts |",VERIFIED
84,SIH_EVIDENCE/04_DATASET_CARD.md,12,| `DS_CUSTOM_IPSEC` | Primary Native IPsec | Raw `.pcap` | 84 flows | Native Linux IKEv2 / ESP Tunne,VERIFIED
"18,842",SIH_EVIDENCE/05_PHASE1_PHASE2_RECONCILIATION.md,16,"| **Total Sample Population** | 84 flow records | **18,842 flow records** | Expanded by >220x using ",VERIFIED
84,SIH_EVIDENCE/05_PHASE1_PHASE2_RECONCILIATION.md,16,"| **Total Sample Population** | 84 flow records | **18,842 flow records** | Expanded by >220x using ",VERIFIED
"18,842",SIH_EVIDENCE/05_PHASE1_PHASE2_RECONCILIATION.md,20,"| **Random Forest Combined Macro-F1** | N/A | **88.30% (Combined 18,842 Benchmark)** | Honest metric",VERIFIED
"18,842",SIH_EVIDENCE/05_PHASE1_PHASE2_RECONCILIATION.md,33,"When evaluated across the full 18,842-sample combined benchmark (incorporating external ISCX ARFF wi",VERIFIED
"18,842",SIH_EVIDENCE/06_MODEL_EVALUATION.md,3,"## 1. Combined Large-Scale Dataset Evaluation (18,842 Flows)",VERIFIED
84,SIH_EVIDENCE/08_GENERALIZATION.md,7,"| **Tier 1 -> Tier 2** | Custom IPsec (84 flows) | UNB ISCX VPN (18,758 flows) | 25.92% | 25.00% | -",VERIFIED
84,SIH_EVIDENCE/08_GENERALIZATION.md,8,"| **Tier 2 -> Tier 1** | UNB ISCX VPN (18,758 flows) | Custom IPsec (84 flows) | 50.00% | 32.00% | -",VERIFIED
84,SIH_EVIDENCE/13_LIMITATIONS.md,6,3. **Dataset Scope**: Phase 2 benchmark evaluates 4 primary traffic categories across 84+ flow sampl,VERIFIED
"18,842",SIH_EVIDENCE/16_RESEARCH_GAP.md,27,"- Demonstrates that high-accuracy application traffic classification (88.30% Macro-F1 across 18,842 ",VERIFIED
84,SIH_EVIDENCE/18_AUTHORITATIVE_RESULTS.md,11,| **Random Forest Accuracy** | 89.85% | 89.84% | `-0.01%` | Slight floating point rounding differenc,VERIFIED
84,SIH_EVIDENCE/18_AUTHORITATIVE_RESULTS.md,14,"| **XGBoost Macro-F1** | 83.81% | 84.92% | `+1.11%` | Hyperparameter optimization (n_est=100, depth=",VERIFIED
"18,842",SIH_EVIDENCE/18_AUTHORITATIVE_RESULTS.md,17,| **Dummy Classifier Accuracy** | 26.92% | 31.13% | `+4.21%` | Evaluated on full canonical populatio,VERIFIED
"18,842",SIH_EVIDENCE/19_CLASSWISE_PERFORMANCE.md,4,"This document breaks down per-class precision, recall, F1 score, and support across all 4 canonical ",VERIFIED
"5,103",SIH_EVIDENCE/19_CLASSWISE_PERFORMANCE.md,13,"| **ICMP** | `0.9978` | `0.9900` | `0.9939` | `5,103.0` | Ping, ICMP Bursts, Echo Request/Reply |",VERIFIED
"5,103",SIH_EVIDENCE/19_CLASSWISE_PERFORMANCE.md,28,"- **Least Represented Class**: `ICMP` (`5,103.0` samples)",VERIFIED
"18,842",SIH_EVIDENCE/20_ABLATION_RECONCILIATION.md,4,This document reconciles all feature group ablation subset evaluations across subsets A through G on,VERIFIED
84,SIH_EVIDENCE/21_FINAL_DATASET_CONSISTENCY.md,15,| `DS1_CUSTOM_IPSEC` | Tier 1 | Native IPsec (IKEv2/ESP) Lab Testbed Flows | **84** | 0.45% |,VERIFIED
"18,842",SIH_EVIDENCE/21_FINAL_DATASET_CONSISTENCY.md,17,"| **Total Canonical Dataset** | | **Authoritative Row Count** | **18,842** | **100.00%** |",VERIFIED
"18,842",SIH_EVIDENCE/21_FINAL_DATASET_CONSISTENCY.md,24,"$$\text{DS1\_CUSTOM\_IPSEC } (84) + \text{DS4\_ISCX\_SCENARIO\_B } (18,758) = 18,842 \quad (\text{Ex",VERIFIED
84,SIH_EVIDENCE/21_FINAL_DATASET_CONSISTENCY.md,24,"$$\text{DS1\_CUSTOM\_IPSEC } (84) + \text{DS4\_ISCX\_SCENARIO\_B } (18,758) = 18,842 \quad (\text{Ex",VERIFIED
"5,103",SIH_EVIDENCE/21_FINAL_DATASET_CONSISTENCY.md,32,"| **ICMP (VOIP/Ping)** | 6 | 5,097 | **5,103** | 27.08% |",VERIFIED
"5,097",SIH_EVIDENCE/21_FINAL_DATASET_CONSISTENCY.md,32,"| **ICMP (VOIP/Ping)** | 6 | 5,097 | **5,103** | 27.08% |",VERIFIED
"18,842",SIH_EVIDENCE/21_FINAL_DATASET_CONSISTENCY.md,35,"| **Total** | **84** | **18,758** | **18,842** | **100.00%** |",VERIFIED
84,SIH_EVIDENCE/21_FINAL_DATASET_CONSISTENCY.md,35,"| **Total** | **84** | **18,758** | **18,842** | **100.00%** |",VERIFIED
84,SIH_EVIDENCE/21_FINAL_DATASET_CONSISTENCY.md,37,"### C. Origin of Historical Report Formula (`84 + 13,655 + 5,103`)",VERIFIED
"13,655",SIH_EVIDENCE/21_FINAL_DATASET_CONSISTENCY.md,37,"### C. Origin of Historical Report Formula (`84 + 13,655 + 5,103`)",VERIFIED
"5,103",SIH_EVIDENCE/21_FINAL_DATASET_CONSISTENCY.md,37,"### C. Origin of Historical Report Formula (`84 + 13,655 + 5,103`)",VERIFIED
"18,842",SIH_EVIDENCE/21_FINAL_DATASET_CONSISTENCY.md,38,"Historical draft reports cited `84 + 13,655 + 5,103 = 18,842`. Forensic trace reveals:",VERIFIED
84,SIH_EVIDENCE/21_FINAL_DATASET_CONSISTENCY.md,38,"Historical draft reports cited `84 + 13,655 + 5,103 = 18,842`. Forensic trace reveals:",VERIFIED
"13,655",SIH_EVIDENCE/21_FINAL_DATASET_CONSISTENCY.md,38,"Historical draft reports cited `84 + 13,655 + 5,103 = 18,842`. Forensic trace reveals:",VERIFIED
"5,103",SIH_EVIDENCE/21_FINAL_DATASET_CONSISTENCY.md,38,"Historical draft reports cited `84 + 13,655 + 5,103 = 18,842`. Forensic trace reveals:",VERIFIED
84,SIH_EVIDENCE/21_FINAL_DATASET_CONSISTENCY.md,39,- `84` = Native IPsec (`DS1_CUSTOM_IPSEC`),VERIFIED
"13,655",SIH_EVIDENCE/21_FINAL_DATASET_CONSISTENCY.md,40,"- `13,655` = ISCX Non-ICMP time windows (`13,661` ISCX non-ICMP samples rounded/offset by 6 DS1 ICMP",VERIFIED
"13,661",SIH_EVIDENCE/21_FINAL_DATASET_CONSISTENCY.md,40,"- `13,655` = ISCX Non-ICMP time windows (`13,661` ISCX non-ICMP samples rounded/offset by 6 DS1 ICMP",VERIFIED
"5,103",SIH_EVIDENCE/21_FINAL_DATASET_CONSISTENCY.md,41,"- `5,103` = Total ICMP class samples across all sources (`5,097` ISCX VOIP + `6` DS1 ICMP = `5,103`)",VERIFIED
"5,097",SIH_EVIDENCE/21_FINAL_DATASET_CONSISTENCY.md,41,"- `5,103` = Total ICMP class samples across all sources (`5,097` ISCX VOIP + `6` DS1 ICMP = `5,103`)",VERIFIED
"18,842",SIH_EVIDENCE/21_FINAL_DATASET_CONSISTENCY.md,42,"- **Sum**: `84 + 13,655 + 5,103 = 18,842`",VERIFIED
84,SIH_EVIDENCE/21_FINAL_DATASET_CONSISTENCY.md,42,"- **Sum**: `84 + 13,655 + 5,103 = 18,842`",VERIFIED
"13,655",SIH_EVIDENCE/21_FINAL_DATASET_CONSISTENCY.md,42,"- **Sum**: `84 + 13,655 + 5,103 = 18,842`",VERIFIED
"5,103",SIH_EVIDENCE/21_FINAL_DATASET_CONSISTENCY.md,42,"- **Sum**: `84 + 13,655 + 5,103 = 18,842`",VERIFIED
"18,842",SIH_EVIDENCE/21_FINAL_DATASET_CONSISTENCY.md,55,"- **Sample ID Uniqueness**: 18,842 unique sample IDs (`0` duplicate IDs).",VERIFIED
"18,842",SIH_EVIDENCE/21_FINAL_DATASET_CONSISTENCY.md,56,"- **Exact Feature Vector Duplicates**: 752 rows out of 18,842 (3.99%).",VERIFIED
"18,842",SIH_EVIDENCE/21_FINAL_DATASET_CONSISTENCY.md,106,"## 9. Final Authoritative Definition of ""18,842 flows""",VERIFIED
"18,842",SIH_EVIDENCE/21_FINAL_DATASET_CONSISTENCY.md,108,"> **Authoritative Definition**: ""18,842 canonical 15-second time-window statistical feature vectors ",VERIFIED
84,SIH_EVIDENCE/21_FINAL_DATASET_CONSISTENCY.md,108,"> **Authoritative Definition**: ""18,842 canonical 15-second time-window statistical feature vectors ",VERIFIED
"5,103",SIH_EVIDENCE/21_FINAL_DATASET_CONSISTENCY.md,108,"> **Authoritative Definition**: ""18,842 canonical 15-second time-window statistical feature vectors ",VERIFIED
"18,842",SIH_EVIDENCE/FINAL_AUDIT_REPORT.md,11,The final Judge Attack and evidence hardening pass over **IPsecTrace Phase 2** is complete. All re,VERIFIED
84,SIH_EVIDENCE/FINAL_AUDIT_REPORT.md,11,The final Judge Attack and evidence hardening pass over **IPsecTrace Phase 2** is complete. All re,VERIFIED
"13,655",SIH_EVIDENCE/FINAL_AUDIT_REPORT.md,11,The final Judge Attack and evidence hardening pass over **IPsecTrace Phase 2** is complete. All re,VERIFIED
"5,103",SIH_EVIDENCE/FINAL_AUDIT_REPORT.md,11,The final Judge Attack and evidence hardening pass over **IPsecTrace Phase 2** is complete. All re,VERIFIED
"18,842",SIH_EVIDENCE/FINAL_AUDIT_REPORT.md,20,"| **18,842 Sample Arithmetic**| `GREEN` | Exact match verified (`84 + 13,655 + 5,103 = 18,842`) |",VERIFIED
84,SIH_EVIDENCE/FINAL_AUDIT_REPORT.md,20,"| **18,842 Sample Arithmetic**| `GREEN` | Exact match verified (`84 + 13,655 + 5,103 = 18,842`) |",VERIFIED
"13,655",SIH_EVIDENCE/FINAL_AUDIT_REPORT.md,20,"| **18,842 Sample Arithmetic**| `GREEN` | Exact match verified (`84 + 13,655 + 5,103 = 18,842`) |",VERIFIED
"5,103",SIH_EVIDENCE/FINAL_AUDIT_REPORT.md,20,"| **18,842 Sample Arithmetic**| `GREEN` | Exact match verified (`84 + 13,655 + 5,103 = 18,842`) |",VERIFIED
84,SIH_EVIDENCE/FINAL_AUDIT_REPORT.md,22,"| **Random Forest Metrics** | `GREEN` | Macro F1 = `88.30% ± 0.44%` (95% CI), Accuracy = `89.84% ± 0",VERIFIED
84,SIH_EVIDENCE/FINAL_AUDIT_REPORT.md,23,"| **XGBoost Metrics** | `GREEN` | Macro F1 = `84.92% ± 0.23%`, Accuracy = `87.17% ± 0.30%` |",VERIFIED
84,SIH_EVIDENCE/FINAL_AUDIT_REPORT.md,37,- **Accuracy**: `89.84% ± 0.45%` (95% CI: `0.8984 ± 0.0045`),VERIFIED
"18,842",SIH_EVIDENCE/FINAL_JUDGE_QA.md,7,"### 1. Is the 18,842-flow dataset really native IPsec?",VERIFIED
84,SIH_EVIDENCE/FINAL_JUDGE_QA.md,11,**ANSWER**: Primary Native IPsec comprises 84 custom IKEv2/ESP flows plus L2TP-IPsec flow series. IS,VERIFIED
"13,655",SIH_EVIDENCE/FINAL_JUDGE_QA.md,11,**ANSWER**: Primary Native IPsec comprises 84 custom IKEv2/ESP flows plus L2TP-IPsec flow series. IS,VERIFIED
"5,103",SIH_EVIDENCE/FINAL_JUDGE_QA.md,11,**ANSWER**: Primary Native IPsec comprises 84 custom IKEv2/ESP flows plus L2TP-IPsec flow series. IS,VERIFIED
"18,842",SIH_EVIDENCE/FINAL_JUDGE_QA.md,23,"**ANSWER**: Phase 1 used a small 84-sample dataset with random splitting, allowing session memorizat",VERIFIED
84,SIH_EVIDENCE/FINAL_JUDGE_QA.md,23,"**ANSWER**: Phase 1 used a small 84-sample dataset with random splitting, allowing session memorizat",VERIFIED
84,SIH_EVIDENCE/FINAL_JUDGE_QA.md,29,**ANSWER**: Random Forest achieved slightly higher Macro-F1 (88.30% ± 0.44% vs. XGBoost 84.92% ± 0.2,VERIFIED
84,SIH_EVIDENCE/dataset_cards/DS1_custom_ipsec.md,11,**Records**: 84,VERIFIED
84,SIH_EVIDENCE/dataset_cards/DS1_custom_ipsec.md,33,- 29/84 flows have zero packet size std — uniform-size traffic (BULK TCP).,VERIFIED
84,SIH_EVIDENCE/dataset_cards/ds_custom_ipsec.md,7,**Record Count**: 84,VERIFIED
84,SIH_EVIDENCE/dataset_inventory.md,32,| DS1_CUSTOM_IPSEC | Custom IPsec Testbed Dataset | Pre-extracted flow statis | Yes | 84 | 4 | Tier ,VERIFIED
84,SIH_EVIDENCE/experiment_report.md,20,- **Total Statistical Flows Extracted**: 84,VERIFIED
"18,842",SIH_EVIDENCE/judge_evidence.md,11,"Total Validated Flows:  18,842",VERIFIED
"18,842",SIH_EVIDENCE/judge_evidence.md,20,"## 2. Complete Model Comparison (18,842 Flows)",VERIFIED
84,results/count_reference_audit.csv,2,"84,SIH_EVIDENCE/01_EXECUTIVE_SUMMARY.md,11,""- In Phase 1, Random Forest achieved 100% Macro-F1 under",VERIFIED
"18,842",results/count_reference_audit.csv,3,"""18,842"",SIH_EVIDENCE/01_EXECUTIVE_SUMMARY.md,15,""2. **Large-Scale Generalization Benchmark (18,842 ",VERIFIED
"18,842",results/count_reference_audit.csv,4,"""18,842"",SIH_EVIDENCE/02_DATASET_PROVENANCE_AND_INTEGRITY.md,2,""**Dataset Size**: 18,842 total flows",VERIFIED
84,results/count_reference_audit.csv,5,"84,SIH_EVIDENCE/02_DATASET_PROVENANCE_AND_INTEGRITY.md,9,- **Flow Count**: 84,VERIFIED",VERIFIED
5097,results/count_reference_audit.csv,6,"5097,SIH_EVIDENCE/02_DATASET_PROVENANCE_AND_INTEGRITY.md,18,""- **Class Breakdown**: {""""BULK"""": 5835,",VERIFIED
"18,842",results/count_reference_audit.csv,7,"""18,842"",SIH_EVIDENCE/02_DATASET_PROVENANCE_AND_INTEGRITY.md,24,""- **Missing Values in Shared Featur",VERIFIED
"18,842",results/count_reference_audit.csv,8,"""18,842"",SIH_EVIDENCE/02_PROBLEM_AND_SOLUTION.md,14,""- **Multi-Topology Machine Learning Engine**: E",VERIFIED
"18,842",results/count_reference_audit.csv,9,"""18,842"",SIH_EVIDENCE/04_DATASET_AUDIT.md,4,""**Total Benchmark Flow Samples**: `18,842`"",VERIFIED",VERIFIED
84,results/count_reference_audit.csv,10,"84,SIH_EVIDENCE/04_DATASET_AUDIT.md,15,""| `DS1_CUSTOM_IPSEC` | **1** | `BULK, ICMP, INTERACTIVE, WEB",VERIFIED
"5,103",results/count_reference_audit.csv,11,"""5,103"",SIH_EVIDENCE/04_DATASET_AUDIT.md,24,""| **ICMP** | 5,103 | 27.08% | ICMP Ping, HTTP GET/POST,",VERIFIED
84,results/count_reference_audit.csv,12,"84,SIH_EVIDENCE/04_DATASET_CARD.md,12,| `DS_CUSTOM_IPSEC` | Primary Native IPsec | Raw `.pcap` | 84 ",VERIFIED
"18,842",results/count_reference_audit.csv,13,"""18,842"",SIH_EVIDENCE/05_PHASE1_PHASE2_RECONCILIATION.md,16,""| **Total Sample Population** | 84 flow",VERIFIED
84,results/count_reference_audit.csv,13,"""18,842"",SIH_EVIDENCE/05_PHASE1_PHASE2_RECONCILIATION.md,16,""| **Total Sample Population** | 84 flow",VERIFIED
"18,842",results/count_reference_audit.csv,14,"84,SIH_EVIDENCE/05_PHASE1_PHASE2_RECONCILIATION.md,16,""| **Total Sample Population** | 84 flow recor",VERIFIED
84,results/count_reference_audit.csv,14,"84,SIH_EVIDENCE/05_PHASE1_PHASE2_RECONCILIATION.md,16,""| **Total Sample Population** | 84 flow recor",VERIFIED
"18,842",results/count_reference_audit.csv,15,"""18,842"",SIH_EVIDENCE/05_PHASE1_PHASE2_RECONCILIATION.md,20,""| **Random Forest Combined Macro-F1** |",VERIFIED
"18,842",results/count_reference_audit.csv,16,"""18,842"",SIH_EVIDENCE/05_PHASE1_PHASE2_RECONCILIATION.md,33,""When evaluated across the full 18,842-s",VERIFIED
"18,842",results/count_reference_audit.csv,17,"""18,842"",SIH_EVIDENCE/06_MODEL_EVALUATION.md,3,""## 1. Combined Large-Scale Dataset Evaluation (18,84",VERIFIED
84,results/count_reference_audit.csv,18,"84,SIH_EVIDENCE/08_GENERALIZATION.md,7,""| **Tier 1 -> Tier 2** | Custom IPsec (84 flows) | UNB ISCX ",VERIFIED
84,results/count_reference_audit.csv,19,"84,SIH_EVIDENCE/08_GENERALIZATION.md,8,""| **Tier 2 -> Tier 1** | UNB ISCX VPN (18,758 flows) | Custo",VERIFIED
84,results/count_reference_audit.csv,20,"84,SIH_EVIDENCE/13_LIMITATIONS.md,6,3. **Dataset Scope**: Phase 2 benchmark evaluates 4 primary traf",VERIFIED
"18,842",results/count_reference_audit.csv,21,"""18,842"",SIH_EVIDENCE/16_RESEARCH_GAP.md,27,""- Demonstrates that high-accuracy application traffic c",VERIFIED
84,results/count_reference_audit.csv,22,"84,SIH_EVIDENCE/18_AUTHORITATIVE_RESULTS.md,11,| **Random Forest Accuracy** | 89.85% | 89.84% | `-0.",VERIFIED
84,results/count_reference_audit.csv,23,"84,SIH_EVIDENCE/18_AUTHORITATIVE_RESULTS.md,14,""| **XGBoost Macro-F1** | 83.81% | 84.92% | `+1.11%` ",VERIFIED
"18,842",results/count_reference_audit.csv,24,"""18,842"",SIH_EVIDENCE/18_AUTHORITATIVE_RESULTS.md,17,| **Dummy Classifier Accuracy** | 26.92% | 31.1",VERIFIED
"18,842",results/count_reference_audit.csv,25,"""18,842"",SIH_EVIDENCE/19_CLASSWISE_PERFORMANCE.md,4,""This document breaks down per-class precision, ",VERIFIED
"5,103",results/count_reference_audit.csv,26,"""5,103"",SIH_EVIDENCE/19_CLASSWISE_PERFORMANCE.md,13,""| **ICMP** | `0.9978` | `0.9900` | `0.9939` | `",VERIFIED
"5,103",results/count_reference_audit.csv,27,"""5,103"",SIH_EVIDENCE/19_CLASSWISE_PERFORMANCE.md,28,""- **Least Represented Class**: `ICMP` (`5,103.0",VERIFIED
"18,842",results/count_reference_audit.csv,28,"""18,842"",SIH_EVIDENCE/20_ABLATION_RECONCILIATION.md,4,This document reconciles all feature group abl",VERIFIED
84,results/count_reference_audit.csv,29,"84,SIH_EVIDENCE/21_FINAL_DATASET_CONSISTENCY.md,15,| `DS1_CUSTOM_IPSEC` | Tier 1 | Native IPsec (IKE",VERIFIED
"18,842",results/count_reference_audit.csv,30,"""18,842"",SIH_EVIDENCE/21_FINAL_DATASET_CONSISTENCY.md,17,""| **Total Canonical Dataset** | | **Author",VERIFIED
"18,842",results/count_reference_audit.csv,31,"""18,842"",SIH_EVIDENCE/21_FINAL_DATASET_CONSISTENCY.md,24,""$$\text{DS1\_CUSTOM\_IPSEC } (84) + \text{",VERIFIED
84,results/count_reference_audit.csv,31,"""18,842"",SIH_EVIDENCE/21_FINAL_DATASET_CONSISTENCY.md,24,""$$\text{DS1\_CUSTOM\_IPSEC } (84) + \text{",VERIFIED
"18,842",results/count_reference_audit.csv,32,"84,SIH_EVIDENCE/21_FINAL_DATASET_CONSISTENCY.md,24,""$$\text{DS1\_CUSTOM\_IPSEC } (84) + \text{DS4\_I",VERIFIED
84,results/count_reference_audit.csv,32,"84,SIH_EVIDENCE/21_FINAL_DATASET_CONSISTENCY.md,24,""$$\text{DS1\_CUSTOM\_IPSEC } (84) + \text{DS4\_I",VERIFIED
"5,103",results/count_reference_audit.csv,33,"""5,103"",SIH_EVIDENCE/21_FINAL_DATASET_CONSISTENCY.md,32,""| **ICMP (VOIP/Ping)** | 6 | 5,097 | **5,10",VERIFIED
"5,097",results/count_reference_audit.csv,33,"""5,103"",SIH_EVIDENCE/21_FINAL_DATASET_CONSISTENCY.md,32,""| **ICMP (VOIP/Ping)** | 6 | 5,097 | **5,10",VERIFIED
"5,103",results/count_reference_audit.csv,34,"""5,097"",SIH_EVIDENCE/21_FINAL_DATASET_CONSISTENCY.md,32,""| **ICMP (VOIP/Ping)** | 6 | 5,097 | **5,10",VERIFIED
"5,097",results/count_reference_audit.csv,34,"""5,097"",SIH_EVIDENCE/21_FINAL_DATASET_CONSISTENCY.md,32,""| **ICMP (VOIP/Ping)** | 6 | 5,097 | **5,10",VERIFIED
"18,842",results/count_reference_audit.csv,35,"""18,842"",SIH_EVIDENCE/21_FINAL_DATASET_CONSISTENCY.md,35,""| **Total** | **84** | **18,758** | **18,8",VERIFIED
84,results/count_reference_audit.csv,35,"""18,842"",SIH_EVIDENCE/21_FINAL_DATASET_CONSISTENCY.md,35,""| **Total** | **84** | **18,758** | **18,8",VERIFIED
"18,842",results/count_reference_audit.csv,36,"84,SIH_EVIDENCE/21_FINAL_DATASET_CONSISTENCY.md,35,""| **Total** | **84** | **18,758** | **18,842** |",VERIFIED
84,results/count_reference_audit.csv,36,"84,SIH_EVIDENCE/21_FINAL_DATASET_CONSISTENCY.md,35,""| **Total** | **84** | **18,758** | **18,842** |",VERIFIED
84,results/count_reference_audit.csv,37,"84,SIH_EVIDENCE/21_FINAL_DATASET_CONSISTENCY.md,37,""### C. Origin of Historical Report Formula (`84 ",VERIFIED
"13,655",results/count_reference_audit.csv,37,"84,SIH_EVIDENCE/21_FINAL_DATASET_CONSISTENCY.md,37,""### C. Origin of Historical Report Formula (`84 ",VERIFIED
"5,103",results/count_reference_audit.csv,37,"84,SIH_EVIDENCE/21_FINAL_DATASET_CONSISTENCY.md,37,""### C. Origin of Historical Report Formula (`84 ",VERIFIED
84,results/count_reference_audit.csv,38,"""13,655"",SIH_EVIDENCE/21_FINAL_DATASET_CONSISTENCY.md,37,""### C. Origin of Historical Report Formula",VERIFIED
"13,655",results/count_reference_audit.csv,38,"""13,655"",SIH_EVIDENCE/21_FINAL_DATASET_CONSISTENCY.md,37,""### C. Origin of Historical Report Formula",VERIFIED
"5,103",results/count_reference_audit.csv,38,"""13,655"",SIH_EVIDENCE/21_FINAL_DATASET_CONSISTENCY.md,37,""### C. Origin of Historical Report Formula",VERIFIED
84,results/count_reference_audit.csv,39,"""5,103"",SIH_EVIDENCE/21_FINAL_DATASET_CONSISTENCY.md,37,""### C. Origin of Historical Report Formula ",VERIFIED
"13,655",results/count_reference_audit.csv,39,"""5,103"",SIH_EVIDENCE/21_FINAL_DATASET_CONSISTENCY.md,37,""### C. Origin of Historical Report Formula ",VERIFIED
"5,103",results/count_reference_audit.csv,39,"""5,103"",SIH_EVIDENCE/21_FINAL_DATASET_CONSISTENCY.md,37,""### C. Origin of Historical Report Formula ",VERIFIED
"18,842",results/count_reference_audit.csv,40,"""18,842"",SIH_EVIDENCE/21_FINAL_DATASET_CONSISTENCY.md,38,""Historical draft reports cited `84 + 13,65",VERIFIED
84,results/count_reference_audit.csv,40,"""18,842"",SIH_EVIDENCE/21_FINAL_DATASET_CONSISTENCY.md,38,""Historical draft reports cited `84 + 13,65",VERIFIED
"13,655",results/count_reference_audit.csv,40,"""18,842"",SIH_EVIDENCE/21_FINAL_DATASET_CONSISTENCY.md,38,""Historical draft reports cited `84 + 13,65",VERIFIED
"5,103",results/count_reference_audit.csv,40,"""18,842"",SIH_EVIDENCE/21_FINAL_DATASET_CONSISTENCY.md,38,""Historical draft reports cited `84 + 13,65",VERIFIED
"18,842",results/count_reference_audit.csv,41,"84,SIH_EVIDENCE/21_FINAL_DATASET_CONSISTENCY.md,38,""Historical draft reports cited `84 + 13,655 + 5,",VERIFIED
84,results/count_reference_audit.csv,41,"84,SIH_EVIDENCE/21_FINAL_DATASET_CONSISTENCY.md,38,""Historical draft reports cited `84 + 13,655 + 5,",VERIFIED
"13,655",results/count_reference_audit.csv,41,"84,SIH_EVIDENCE/21_FINAL_DATASET_CONSISTENCY.md,38,""Historical draft reports cited `84 + 13,655 + 5,",VERIFIED
"5,103",results/count_reference_audit.csv,41,"84,SIH_EVIDENCE/21_FINAL_DATASET_CONSISTENCY.md,38,""Historical draft reports cited `84 + 13,655 + 5,",VERIFIED
"18,842",results/count_reference_audit.csv,42,"""13,655"",SIH_EVIDENCE/21_FINAL_DATASET_CONSISTENCY.md,38,""Historical draft reports cited `84 + 13,65",VERIFIED
84,results/count_reference_audit.csv,42,"""13,655"",SIH_EVIDENCE/21_FINAL_DATASET_CONSISTENCY.md,38,""Historical draft reports cited `84 + 13,65",VERIFIED
"13,655",results/count_reference_audit.csv,42,"""13,655"",SIH_EVIDENCE/21_FINAL_DATASET_CONSISTENCY.md,38,""Historical draft reports cited `84 + 13,65",VERIFIED
"5,103",results/count_reference_audit.csv,42,"""13,655"",SIH_EVIDENCE/21_FINAL_DATASET_CONSISTENCY.md,38,""Historical draft reports cited `84 + 13,65",VERIFIED
"18,842",results/count_reference_audit.csv,43,"""5,103"",SIH_EVIDENCE/21_FINAL_DATASET_CONSISTENCY.md,38,""Historical draft reports cited `84 + 13,655",VERIFIED
84,results/count_reference_audit.csv,43,"""5,103"",SIH_EVIDENCE/21_FINAL_DATASET_CONSISTENCY.md,38,""Historical draft reports cited `84 + 13,655",VERIFIED
"13,655",results/count_reference_audit.csv,43,"""5,103"",SIH_EVIDENCE/21_FINAL_DATASET_CONSISTENCY.md,38,""Historical draft reports cited `84 + 13,655",VERIFIED
"5,103",results/count_reference_audit.csv,43,"""5,103"",SIH_EVIDENCE/21_FINAL_DATASET_CONSISTENCY.md,38,""Historical draft reports cited `84 + 13,655",VERIFIED
84,results/count_reference_audit.csv,44,"84,SIH_EVIDENCE/21_FINAL_DATASET_CONSISTENCY.md,39,- `84` = Native IPsec (`DS1_CUSTOM_IPSEC`),VERIFI",VERIFIED
"13,655",results/count_reference_audit.csv,45,"""13,655"",SIH_EVIDENCE/21_FINAL_DATASET_CONSISTENCY.md,40,""- `13,655` = ISCX Non-ICMP time windows (`",VERIFIED
"13,661",results/count_reference_audit.csv,45,"""13,655"",SIH_EVIDENCE/21_FINAL_DATASET_CONSISTENCY.md,40,""- `13,655` = ISCX Non-ICMP time windows (`",VERIFIED
"13,655",results/count_reference_audit.csv,46,"""13,661"",SIH_EVIDENCE/21_FINAL_DATASET_CONSISTENCY.md,40,""- `13,655` = ISCX Non-ICMP time windows (`",VERIFIED
"13,661",results/count_reference_audit.csv,46,"""13,661"",SIH_EVIDENCE/21_FINAL_DATASET_CONSISTENCY.md,40,""- `13,655` = ISCX Non-ICMP time windows (`",VERIFIED
"5,103",results/count_reference_audit.csv,47,"""5,103"",SIH_EVIDENCE/21_FINAL_DATASET_CONSISTENCY.md,41,""- `5,103` = Total ICMP class samples across",VERIFIED
"5,097",results/count_reference_audit.csv,47,"""5,103"",SIH_EVIDENCE/21_FINAL_DATASET_CONSISTENCY.md,41,""- `5,103` = Total ICMP class samples across",VERIFIED
"5,103",results/count_reference_audit.csv,48,"""5,097"",SIH_EVIDENCE/21_FINAL_DATASET_CONSISTENCY.md,41,""- `5,103` = Total ICMP class samples across",VERIFIED
"5,097",results/count_reference_audit.csv,48,"""5,097"",SIH_EVIDENCE/21_FINAL_DATASET_CONSISTENCY.md,41,""- `5,103` = Total ICMP class samples across",VERIFIED
"18,842",results/count_reference_audit.csv,49,"""18,842"",SIH_EVIDENCE/21_FINAL_DATASET_CONSISTENCY.md,42,""- **Sum**: `84 + 13,655 + 5,103 = 18,842`""",VERIFIED
84,results/count_reference_audit.csv,49,"""18,842"",SIH_EVIDENCE/21_FINAL_DATASET_CONSISTENCY.md,42,""- **Sum**: `84 + 13,655 + 5,103 = 18,842`""",VERIFIED
"13,655",results/count_reference_audit.csv,49,"""18,842"",SIH_EVIDENCE/21_FINAL_DATASET_CONSISTENCY.md,42,""- **Sum**: `84 + 13,655 + 5,103 = 18,842`""",VERIFIED
"5,103",results/count_reference_audit.csv,49,"""18,842"",SIH_EVIDENCE/21_FINAL_DATASET_CONSISTENCY.md,42,""- **Sum**: `84 + 13,655 + 5,103 = 18,842`""",VERIFIED
"18,842",results/count_reference_audit.csv,50,"84,SIH_EVIDENCE/21_FINAL_DATASET_CONSISTENCY.md,42,""- **Sum**: `84 + 13,655 + 5,103 = 18,842`"",VERIF",VERIFIED
84,results/count_reference_audit.csv,50,"84,SIH_EVIDENCE/21_FINAL_DATASET_CONSISTENCY.md,42,""- **Sum**: `84 + 13,655 + 5,103 = 18,842`"",VERIF",VERIFIED
"13,655",results/count_reference_audit.csv,50,"84,SIH_EVIDENCE/21_FINAL_DATASET_CONSISTENCY.md,42,""- **Sum**: `84 + 13,655 + 5,103 = 18,842`"",VERIF",VERIFIED
"5,103",results/count_reference_audit.csv,50,"84,SIH_EVIDENCE/21_FINAL_DATASET_CONSISTENCY.md,42,""- **Sum**: `84 + 13,655 + 5,103 = 18,842`"",VERIF",VERIFIED
"18,842",results/count_reference_audit.csv,51,"""13,655"",SIH_EVIDENCE/21_FINAL_DATASET_CONSISTENCY.md,42,""- **Sum**: `84 + 13,655 + 5,103 = 18,842`""",VERIFIED
84,results/count_reference_audit.csv,51,"""13,655"",SIH_EVIDENCE/21_FINAL_DATASET_CONSISTENCY.md,42,""- **Sum**: `84 + 13,655 + 5,103 = 18,842`""",VERIFIED
"13,655",results/count_reference_audit.csv,51,"""13,655"",SIH_EVIDENCE/21_FINAL_DATASET_CONSISTENCY.md,42,""- **Sum**: `84 + 13,655 + 5,103 = 18,842`""",VERIFIED
"5,103",results/count_reference_audit.csv,51,"""13,655"",SIH_EVIDENCE/21_FINAL_DATASET_CONSISTENCY.md,42,""- **Sum**: `84 + 13,655 + 5,103 = 18,842`""",VERIFIED
"18,842",results/count_reference_audit.csv,52,"""5,103"",SIH_EVIDENCE/21_FINAL_DATASET_CONSISTENCY.md,42,""- **Sum**: `84 + 13,655 + 5,103 = 18,842`"",",VERIFIED
84,results/count_reference_audit.csv,52,"""5,103"",SIH_EVIDENCE/21_FINAL_DATASET_CONSISTENCY.md,42,""- **Sum**: `84 + 13,655 + 5,103 = 18,842`"",",VERIFIED
"13,655",results/count_reference_audit.csv,52,"""5,103"",SIH_EVIDENCE/21_FINAL_DATASET_CONSISTENCY.md,42,""- **Sum**: `84 + 13,655 + 5,103 = 18,842`"",",VERIFIED
"5,103",results/count_reference_audit.csv,52,"""5,103"",SIH_EVIDENCE/21_FINAL_DATASET_CONSISTENCY.md,42,""- **Sum**: `84 + 13,655 + 5,103 = 18,842`"",",VERIFIED
"18,842",results/count_reference_audit.csv,53,"""18,842"",SIH_EVIDENCE/21_FINAL_DATASET_CONSISTENCY.md,55,""- **Sample ID Uniqueness**: 18,842 unique ",VERIFIED
"18,842",results/count_reference_audit.csv,54,"""18,842"",SIH_EVIDENCE/21_FINAL_DATASET_CONSISTENCY.md,56,""- **Exact Feature Vector Duplicates**: 752",VERIFIED
"18,842",results/count_reference_audit.csv,55,"""18,842"",SIH_EVIDENCE/21_FINAL_DATASET_CONSISTENCY.md,106,""## 9. Final Authoritative Definition of """,VERIFIED
"18,842",results/count_reference_audit.csv,56,"""18,842"",SIH_EVIDENCE/21_FINAL_DATASET_CONSISTENCY.md,108,""> **Authoritative Definition**: """"18,842 ",VERIFIED
"18,842",results/count_reference_audit.csv,57,"84,SIH_EVIDENCE/21_FINAL_DATASET_CONSISTENCY.md,108,""> **Authoritative Definition**: """"18,842 canoni",VERIFIED
84,results/count_reference_audit.csv,57,"84,SIH_EVIDENCE/21_FINAL_DATASET_CONSISTENCY.md,108,""> **Authoritative Definition**: """"18,842 canoni",VERIFIED
"18,842",results/count_reference_audit.csv,58,"""5,103"",SIH_EVIDENCE/21_FINAL_DATASET_CONSISTENCY.md,108,""> **Authoritative Definition**: """"18,842 c",VERIFIED
"5,103",results/count_reference_audit.csv,58,"""5,103"",SIH_EVIDENCE/21_FINAL_DATASET_CONSISTENCY.md,108,""> **Authoritative Definition**: """"18,842 c",VERIFIED
"18,842",results/count_reference_audit.csv,59,"""18,842"",SIH_EVIDENCE/FINAL_AUDIT_REPORT.md,11,The final Judge Attack and evidence hardening pass ov",VERIFIED
84,results/count_reference_audit.csv,60,"84,SIH_EVIDENCE/FINAL_AUDIT_REPORT.md,11,The final Judge Attack and evidence hardening pass over **S",VERIFIED
"13,655",results/count_reference_audit.csv,61,"""13,655"",SIH_EVIDENCE/FINAL_AUDIT_REPORT.md,11,The final Judge Attack and evidence hardening pass ov",VERIFIED
"5,103",results/count_reference_audit.csv,62,"""5,103"",SIH_EVIDENCE/FINAL_AUDIT_REPORT.md,11,The final Judge Attack and evidence hardening pass ove",VERIFIED
"18,842",results/count_reference_audit.csv,63,"""18,842"",SIH_EVIDENCE/FINAL_AUDIT_REPORT.md,20,""| **18,842 Sample Arithmetic**| `GREEN` | Exact matc",VERIFIED
84,results/count_reference_audit.csv,63,"""18,842"",SIH_EVIDENCE/FINAL_AUDIT_REPORT.md,20,""| **18,842 Sample Arithmetic**| `GREEN` | Exact matc",VERIFIED
"13,655",results/count_reference_audit.csv,63,"""18,842"",SIH_EVIDENCE/FINAL_AUDIT_REPORT.md,20,""| **18,842 Sample Arithmetic**| `GREEN` | Exact matc",VERIFIED
"5,103",results/count_reference_audit.csv,63,"""18,842"",SIH_EVIDENCE/FINAL_AUDIT_REPORT.md,20,""| **18,842 Sample Arithmetic**| `GREEN` | Exact matc",VERIFIED
"18,842",results/count_reference_audit.csv,64,"84,SIH_EVIDENCE/FINAL_AUDIT_REPORT.md,20,""| **18,842 Sample Arithmetic**| `GREEN` | Exact match veri",VERIFIED
84,results/count_reference_audit.csv,64,"84,SIH_EVIDENCE/FINAL_AUDIT_REPORT.md,20,""| **18,842 Sample Arithmetic**| `GREEN` | Exact match veri",VERIFIED
"13,655",results/count_reference_audit.csv,64,"84,SIH_EVIDENCE/FINAL_AUDIT_REPORT.md,20,""| **18,842 Sample Arithmetic**| `GREEN` | Exact match veri",VERIFIED
"5,103",results/count_reference_audit.csv,64,"84,SIH_EVIDENCE/FINAL_AUDIT_REPORT.md,20,""| **18,842 Sample Arithmetic**| `GREEN` | Exact match veri",VERIFIED
"18,842",results/count_reference_audit.csv,65,"""13,655"",SIH_EVIDENCE/FINAL_AUDIT_REPORT.md,20,""| **18,842 Sample Arithmetic**| `GREEN` | Exact matc",VERIFIED
84,results/count_reference_audit.csv,65,"""13,655"",SIH_EVIDENCE/FINAL_AUDIT_REPORT.md,20,""| **18,842 Sample Arithmetic**| `GREEN` | Exact matc",VERIFIED
"13,655",results/count_reference_audit.csv,65,"""13,655"",SIH_EVIDENCE/FINAL_AUDIT_REPORT.md,20,""| **18,842 Sample Arithmetic**| `GREEN` | Exact matc",VERIFIED
"5,103",results/count_reference_audit.csv,65,"""13,655"",SIH_EVIDENCE/FINAL_AUDIT_REPORT.md,20,""| **18,842 Sample Arithmetic**| `GREEN` | Exact matc",VERIFIED
"18,842",results/count_reference_audit.csv,66,"""5,103"",SIH_EVIDENCE/FINAL_AUDIT_REPORT.md,20,""| **18,842 Sample Arithmetic**| `GREEN` | Exact match",VERIFIED
84,results/count_reference_audit.csv,66,"""5,103"",SIH_EVIDENCE/FINAL_AUDIT_REPORT.md,20,""| **18,842 Sample Arithmetic**| `GREEN` | Exact match",VERIFIED
"13,655",results/count_reference_audit.csv,66,"""5,103"",SIH_EVIDENCE/FINAL_AUDIT_REPORT.md,20,""| **18,842 Sample Arithmetic**| `GREEN` | Exact match",VERIFIED
"5,103",results/count_reference_audit.csv,66,"""5,103"",SIH_EVIDENCE/FINAL_AUDIT_REPORT.md,20,""| **18,842 Sample Arithmetic**| `GREEN` | Exact match",VERIFIED
84,results/count_reference_audit.csv,67,"84,SIH_EVIDENCE/FINAL_AUDIT_REPORT.md,22,""| **Random Forest Metrics** | `GREEN` | Macro F1 = `88.30%",VERIFIED
84,results/count_reference_audit.csv,68,"84,SIH_EVIDENCE/FINAL_AUDIT_REPORT.md,23,""| **XGBoost Metrics** | `GREEN` | Macro F1 = `84.92% ± 0.2",VERIFIED
84,results/count_reference_audit.csv,69,"84,SIH_EVIDENCE/FINAL_AUDIT_REPORT.md,37,- **Accuracy**: `89.84% ± 0.45%` (95% CI: `0.8984 ± 0.0045`",VERIFIED
"18,842",results/count_reference_audit.csv,70,"""18,842"",SIH_EVIDENCE/FINAL_JUDGE_QA.md,7,""### 1. Is the 18,842-flow dataset really native IPsec?"",V",VERIFIED
84,results/count_reference_audit.csv,71,"84,SIH_EVIDENCE/FINAL_JUDGE_QA.md,11,**ANSWER**: Primary Native IPsec comprises 84 custom IKEv2/ESP ",VERIFIED
84,results/count_reference_audit.csv,72,"""13,655"",SIH_EVIDENCE/FINAL_JUDGE_QA.md,11,**ANSWER**: Primary Native IPsec comprises 84 custom IKEv",VERIFIED
"13,655",results/count_reference_audit.csv,72,"""13,655"",SIH_EVIDENCE/FINAL_JUDGE_QA.md,11,**ANSWER**: Primary Native IPsec comprises 84 custom IKEv",VERIFIED
84,results/count_reference_audit.csv,73,"""5,103"",SIH_EVIDENCE/FINAL_JUDGE_QA.md,11,**ANSWER**: Primary Native IPsec comprises 84 custom IKEv2",VERIFIED
"5,103",results/count_reference_audit.csv,73,"""5,103"",SIH_EVIDENCE/FINAL_JUDGE_QA.md,11,**ANSWER**: Primary Native IPsec comprises 84 custom IKEv2",VERIFIED
"18,842",results/count_reference_audit.csv,74,"""18,842"",SIH_EVIDENCE/FINAL_JUDGE_QA.md,23,""**ANSWER**: Phase 1 used a small 84-sample dataset with ",VERIFIED
84,results/count_reference_audit.csv,74,"""18,842"",SIH_EVIDENCE/FINAL_JUDGE_QA.md,23,""**ANSWER**: Phase 1 used a small 84-sample dataset with ",VERIFIED
84,results/count_reference_audit.csv,75,"84,SIH_EVIDENCE/FINAL_JUDGE_QA.md,23,""**ANSWER**: Phase 1 used a small 84-sample dataset with random",VERIFIED
84,results/count_reference_audit.csv,76,"84,SIH_EVIDENCE/FINAL_JUDGE_QA.md,29,**ANSWER**: Random Forest achieved slightly higher Macro-F1 (88",VERIFIED
84,results/count_reference_audit.csv,77,"84,SIH_EVIDENCE/dataset_cards/DS1_custom_ipsec.md,11,**Records**: 84,VERIFIED",VERIFIED
84,results/count_reference_audit.csv,78,"84,SIH_EVIDENCE/dataset_cards/DS1_custom_ipsec.md,33,- 29/84 flows have zero packet size std — unifo",VERIFIED
84,results/count_reference_audit.csv,79,"84,SIH_EVIDENCE/dataset_cards/ds_custom_ipsec.md,7,**Record Count**: 84,VERIFIED",VERIFIED
84,results/count_reference_audit.csv,80,"84,SIH_EVIDENCE/dataset_inventory.md,32,| DS1_CUSTOM_IPSEC | Custom IPsec Testbed Dataset | Pre-extr",VERIFIED
84,results/count_reference_audit.csv,81,"84,SIH_EVIDENCE/experiment_report.md,20,- **Total Statistical Flows Extracted**: 84,VERIFIED",VERIFIED
"18,842",results/count_reference_audit.csv,82,"""18,842"",SIH_EVIDENCE/judge_evidence.md,11,""Total Validated Flows:  18,842"",VERIFIED",VERIFIED
"18,842",results/count_reference_audit.csv,83,"""18,842"",SIH_EVIDENCE/judge_evidence.md,20,""## 2. Complete Model Comparison (18,842 Flows)"",VERIFIED",VERIFIED
18842,results/count_reference_audit.csv,84,"18842,results/data_quality.json,2,""""""dataset_rows"""": 18842,"",VERIFIED",VERIFIED
84,results/count_reference_audit.csv,85,"84,results/data_quality.json,65,""""""null_count"""": 84,"",VERIFIED",VERIFIED
5103,results/count_reference_audit.csv,86,"5103,results/data_quality.json,86,""""""ICMP"""": 5103,"",VERIFIED",VERIFIED
5097,results/count_reference_audit.csv,87,"5097,results/data_quality.json,97,""""""2"""": 5097"",VERIFIED",VERIFIED
"18,842",results/count_reference_audit.csv,88,"""18,842"",results/data_quality_report.md,3,""**Dataset Evaluated**: `data/processed/canonical_vpn_data",VERIFIED
"18,842",results/count_reference_audit.csv,89,"""18,842"",results/data_quality_report.md,6,""- **Total Flow Records**: 18,842"",VERIFIED",VERIFIED
84,results/count_reference_audit.csv,90,"84,results/data_quality_report.md,7,- **Tier 1 (Custom Testbed IPsec)**: 84 flows,VERIFIED",VERIFIED
"5,103",results/count_reference_audit.csv,91,"""5,103"",results/data_quality_report.md,25,""| `ICMP` | 5,103 | 27.08% |"",VERIFIED",VERIFIED
"18,842",results/count_reference_audit.csv,92,"""18,842"",results/data_quality_report.md,33,""- **Shared Features** (`flow_duration_sec`, `packets_per",VERIFIED
84,results/count_reference_audit.csv,93,"84,results/data_quality_report.md,34,""- **Tier 1 Packet Size Stats** (`mean_packet_size_bytes`, etc.",VERIFIED
5097,results/count_reference_audit.csv,94,"5097,results/dataset_reconciliation.csv,7,""DS4_ISCX_SCENARIO_B,2,ICMP,5097"",VERIFIED",VERIFIED
18842,results/count_reference_audit.csv,95,"18842,results/dataset_reconciliation.json,2,""""""claimed_total_flows"""": 18842,"",VERIFIED",VERIFIED
18842,results/count_reference_audit.csv,96,"18842,results/dataset_reconciliation.json,3,""""""actual_canonical_rows"""": 18842,"",VERIFIED",VERIFIED
18842,results/count_reference_audit.csv,97,"18842,results/dataset_reconciliation.json,4,""""""unique_flow_ids"""": 18842,"",VERIFIED",VERIFIED
5103,results/count_reference_audit.csv,98,"5103,results/dataset_reconciliation.json,10,""""""ICMP"""": 5103,"",VERIFIED",VERIFIED
84,results/count_reference_audit.csv,99,"84,results/dataset_reconciliation.json,16,""""""1"""": 84"",VERIFIED",VERIFIED
84,results/count_reference_audit.csv,100,"84,results/dataset_reconciliation.json,20,""""""DS1_CUSTOM_IPSEC"""": 84"",VERIFIED",VERIFIED
84,results/count_reference_audit.csv,101,"84,results/dataset_semantic_matrix.csv,2,""DS_CUSTOM_IPSEC,IKEv2 / IPsec ESP,YES (100% Native Kernel ",VERIFIED
5103,results/count_reference_audit.csv,102,"5103,results/error_analysis.csv,16,""T2_000275,DS4_ISCX_SCENARIO_B,2,T2_GRP_CHAT_5,INTERACTIVE,14.920",VERIFIED
84,results/count_reference_audit.csv,103,"84,results/error_analysis.csv,23,""T2_000359,DS4_ISCX_SCENARIO_B,2,T2_GRP_CHAT_9,INTERACTIVE,13.84241",VERIFIED
84,results/count_reference_audit.csv,104,"84,results/error_analysis.csv,24,""T2_000366,DS4_ISCX_SCENARIO_B,2,T2_GRP_CHAT_6,INTERACTIVE,14.98958",VERIFIED
84,results/count_reference_audit.csv,105,"84,results/error_analysis.csv,272,""T2_009465,DS4_ISCX_SCENARIO_B,2,T2_GRP_FT_5,BULK,0.937818,22.3924",VERIFIED
84,results/count_reference_audit.csv,106,"84,results/error_analysis.csv,286,""T2_009884,DS4_ISCX_SCENARIO_B,2,T2_GRP_MAIL_4,INTERACTIVE,4.3e-05",VERIFIED
84,results/count_reference_audit.csv,107,"84,results/error_analysis.csv,310,""T2_012864,DS4_ISCX_SCENARIO_B,2,T2_GRP_BROWSING_4,WEB,14.992076,5",VERIFIED
84,results/count_reference_audit.csv,108,"84,results/error_analysis.csv,311,""T2_012868,DS4_ISCX_SCENARIO_B,2,T2_GRP_BROWSING_8,WEB,11.307328,7",VERIFIED
84,results/count_reference_audit.csv,109,"84,results/error_analysis.csv,339,""T2_015296,DS4_ISCX_SCENARIO_B,2,T2_GRP_BROWSING_6,WEB,14.965088,1",VERIFIED
84,results/count_reference_audit.csv,110,"84,results/esp_analysis.json,2571,""""""sequence_number"""": 84,"",VERIFIED",VERIFIED
84,results/count_reference_audit.csv,111,"84,results/esp_analysis.json,2795,""""""sequence_number"""": 84,"",VERIFIED",VERIFIED
84,results/count_reference_audit.csv,112,"84,results/esp_analysis.json,7283,""""""packet_index"""": 84,"",VERIFIED",VERIFIED
84,results/count_reference_audit.csv,113,"84,results/esp_analysis.json,14387,""""""packet_index"""": 84,"",VERIFIED",VERIFIED
84,results/count_reference_audit.csv,114,"84,results/experiment_report.md,20,- **Total Statistical Flows Extracted**: 84,VERIFIED",VERIFIED
"18,842",results/count_reference_audit.csv,115,"""18,842"",results/group_size_distribution.md,3,""## 18,842 Canonical Sample Arithmetic Reconciliation""",VERIFIED
84,results/count_reference_audit.csv,116,"84,results/group_size_distribution.md,4,- **DS1_CUSTOM_IPSEC (Primary Native IPsec Testbed)**: `84` ",VERIFIED
"13,661",results/count_reference_audit.csv,117,"""13,661"",results/group_size_distribution.md,6,""- *ISCX Non-ICMP Traffic (BULK/WEB/INTERACTIVE)*: `13",VERIFIED
"5,097",results/count_reference_audit.csv,118,"""5,097"",results/group_size_distribution.md,7,""- *ISCX VOIP/ICMP Traffic*: `5,097` samples"",VERIFIED",VERIFIED
"18,842",results/count_reference_audit.csv,119,"""18,842"",results/group_size_distribution.md,8,""- **Sum Total Verification**: `84 + 18758 = 18,842` (",VERIFIED
84,results/count_reference_audit.csv,119,"""18,842"",results/group_size_distribution.md,8,""- **Sum Total Verification**: `84 + 18758 = 18,842` (",VERIFIED
"18,842",results/count_reference_audit.csv,120,"84,results/group_size_distribution.md,8,""- **Sum Total Verification**: `84 + 18758 = 18,842` (Exact ",VERIFIED
84,results/count_reference_audit.csv,120,"84,results/group_size_distribution.md,8,""- **Sum Total Verification**: `84 + 18758 = 18,842` (Exact ",VERIFIED
18842,results/count_reference_audit.csv,121,"18842,results/group_split_audit.json,3,""""""total_canonical_samples"""": 18842,"",VERIFIED",VERIFIED
"18,842",results/count_reference_audit.csv,122,"""18,842"",results/group_split_audit.md,4,""**Total Dataset Samples**: `18,842`"",VERIFIED",VERIFIED
5103,results/count_reference_audit.csv,123,"5103,results/metrics.json,303,""""""ood_sample_count"""": 5103,"",VERIFIED",VERIFIED
"18,842",results/count_reference_audit.csv,124,"""18,842"",src/audit/ablation_reconciliation.py,23,This document reconciles all feature group ablation",VERIFIED
"18,842",results/count_reference_audit.csv,125,"""18,842"",src/audit/classwise_performance_audit.py,55,""This document breaks down per-class precision,",VERIFIED
84,results/count_reference_audit.csv,126,"84,src/audit/dataset_taxonomy_attack.py,22,""""""Risk"""": """"Small sample size (84 flows) - mitigated by ",VERIFIED
"18,842",results/count_reference_audit.csv,127,"""18,842"",src/audit/judge_qa_compiler.py,10,""(""""1. Is the 18,842-flow dataset really native IPsec?"""",",VERIFIED
84,results/count_reference_audit.csv,128,"84,src/audit/judge_qa_compiler.py,11,""(""""2. What percentage is native IPsec vs. auxiliary VPN?"""", """"",VERIFIED
84,results/count_reference_audit.csv,129,"""13,655"",src/audit/judge_qa_compiler.py,11,""(""""2. What percentage is native IPsec vs. auxiliary VPN?",VERIFIED
"13,655",results/count_reference_audit.csv,129,"""13,655"",src/audit/judge_qa_compiler.py,11,""(""""2. What percentage is native IPsec vs. auxiliary VPN?",VERIFIED
84,results/count_reference_audit.csv,130,"""5,103"",src/audit/judge_qa_compiler.py,11,""(""""2. What percentage is native IPsec vs. auxiliary VPN?""",VERIFIED
"5,103",results/count_reference_audit.csv,130,"""5,103"",src/audit/judge_qa_compiler.py,11,""(""""2. What percentage is native IPsec vs. auxiliary VPN?""",VERIFIED
"18,842",results/count_reference_audit.csv,131,"""18,842"",src/audit/judge_qa_compiler.py,15,""(""""6. Why did initial PoC 100% Macro-F1 drop to 95.29% /",VERIFIED
84,results/count_reference_audit.csv,131,"""18,842"",src/audit/judge_qa_compiler.py,15,""(""""6. Why did initial PoC 100% Macro-F1 drop to 95.29% /",VERIFIED
84,results/count_reference_audit.csv,132,"84,src/audit/judge_qa_compiler.py,15,""(""""6. Why did initial PoC 100% Macro-F1 drop to 95.29% / 88.30",VERIFIED
84,results/count_reference_audit.csv,133,"84,src/audit/judge_qa_compiler.py,17,""(""""8. Why is Random Forest selected as the primary baseline ov",VERIFIED
"18,842",results/count_reference_audit.csv,134,"""18,842"",src/audit/reconcile_dataset.py,8,""Performs forensic 18,842-flow reconciliation and outputs ",VERIFIED
"18,842",results/count_reference_audit.csv,135,"""18,842"",src/audit/run_final_hardening_pass.py,36,""# Step 3: Dataset Taxonomy & 18,842 Sample Arithm",VERIFIED
"18,842",results/count_reference_audit.csv,136,"""18,842"",src/audit/run_final_hardening_pass.py,37,""print(""""\n[HARDENING 3/9] Auditing dataset semant",VERIFIED
"18,842",results/count_reference_audit.csv,137,"""18,842"",src/audit/run_final_hardening_pass.py,87,The final Judge Attack and evidence hardening pass",VERIFIED
84,results/count_reference_audit.csv,138,"84,src/audit/run_final_hardening_pass.py,87,The final Judge Attack and evidence hardening pass over ",VERIFIED
"13,655",results/count_reference_audit.csv,139,"""13,655"",src/audit/run_final_hardening_pass.py,87,The final Judge Attack and evidence hardening pass",VERIFIED
"5,103",results/count_reference_audit.csv,140,"""5,103"",src/audit/run_final_hardening_pass.py,87,The final Judge Attack and evidence hardening pass ",VERIFIED
"18,842",results/count_reference_audit.csv,141,"""18,842"",src/audit/run_final_hardening_pass.py,96,""| **18,842 Sample Arithmetic**| `GREEN` | Exact m",VERIFIED
84,results/count_reference_audit.csv,141,"""18,842"",src/audit/run_final_hardening_pass.py,96,""| **18,842 Sample Arithmetic**| `GREEN` | Exact m",VERIFIED
"13,655",results/count_reference_audit.csv,141,"""18,842"",src/audit/run_final_hardening_pass.py,96,""| **18,842 Sample Arithmetic**| `GREEN` | Exact m",VERIFIED
"5,103",results/count_reference_audit.csv,141,"""18,842"",src/audit/run_final_hardening_pass.py,96,""| **18,842 Sample Arithmetic**| `GREEN` | Exact m",VERIFIED
"18,842",results/count_reference_audit.csv,142,"84,src/audit/run_final_hardening_pass.py,96,""| **18,842 Sample Arithmetic**| `GREEN` | Exact match v",VERIFIED
84,results/count_reference_audit.csv,142,"84,src/audit/run_final_hardening_pass.py,96,""| **18,842 Sample Arithmetic**| `GREEN` | Exact match v",VERIFIED
"13,655",results/count_reference_audit.csv,142,"84,src/audit/run_final_hardening_pass.py,96,""| **18,842 Sample Arithmetic**| `GREEN` | Exact match v",VERIFIED
"5,103",results/count_reference_audit.csv,142,"84,src/audit/run_final_hardening_pass.py,96,""| **18,842 Sample Arithmetic**| `GREEN` | Exact match v",VERIFIED
"18,842",results/count_reference_audit.csv,143,"""13,655"",src/audit/run_final_hardening_pass.py,96,""| **18,842 Sample Arithmetic**| `GREEN` | Exact m",VERIFIED
84,results/count_reference_audit.csv,143,"""13,655"",src/audit/run_final_hardening_pass.py,96,""| **18,842 Sample Arithmetic**| `GREEN` | Exact m",VERIFIED
"13,655",results/count_reference_audit.csv,143,"""13,655"",src/audit/run_final_hardening_pass.py,96,""| **18,842 Sample Arithmetic**| `GREEN` | Exact m",VERIFIED
"5,103",results/count_reference_audit.csv,143,"""13,655"",src/audit/run_final_hardening_pass.py,96,""| **18,842 Sample Arithmetic**| `GREEN` | Exact m",VERIFIED
"18,842",results/count_reference_audit.csv,144,"""5,103"",src/audit/run_final_hardening_pass.py,96,""| **18,842 Sample Arithmetic**| `GREEN` | Exact ma",VERIFIED
84,results/count_reference_audit.csv,144,"""5,103"",src/audit/run_final_hardening_pass.py,96,""| **18,842 Sample Arithmetic**| `GREEN` | Exact ma",VERIFIED
"13,655",results/count_reference_audit.csv,144,"""5,103"",src/audit/run_final_hardening_pass.py,96,""| **18,842 Sample Arithmetic**| `GREEN` | Exact ma",VERIFIED
"5,103",results/count_reference_audit.csv,144,"""5,103"",src/audit/run_final_hardening_pass.py,96,""| **18,842 Sample Arithmetic**| `GREEN` | Exact ma",VERIFIED
84,results/count_reference_audit.csv,145,"84,src/audit/run_final_hardening_pass.py,98,""| **Random Forest Metrics** | `GREEN` | Macro F1 = `88.",VERIFIED
84,results/count_reference_audit.csv,146,"84,src/audit/run_final_hardening_pass.py,99,""| **XGBoost Metrics** | `GREEN` | Macro F1 = `84.92% ± ",VERIFIED
84,results/count_reference_audit.csv,147,"84,src/audit/run_final_hardening_pass.py,113,- **Accuracy**: `89.84% ± 0.45%` (95% CI: `0.8984 ± 0.0",VERIFIED
"18,842",results/count_reference_audit.csv,148,"""18,842"",src/audit/sample_arithmetic_audit.py,32,""print(f""""[ARITHMETIC CHECK] 18,842 Verification: C",VERIFIED
"18,842",results/count_reference_audit.csv,149,"""18,842"",src/audit/sample_arithmetic_audit.py,54,""## 18,842 Canonical Sample Arithmetic Reconciliati",VERIFIED
84,results/count_reference_audit.csv,150,"84,src/audit/trace_authoritative_results.py,13,""{""""Metric Name"""": """"Random Forest Accuracy"""", """"Earl",VERIFIED
84,results/count_reference_audit.csv,151,"84,src/audit/trace_authoritative_results.py,16,""{""""Metric Name"""": """"XGBoost Macro-F1"""", """"Earlier Re",VERIFIED
"18,842",results/count_reference_audit.csv,152,"""18,842"",src/audit/trace_authoritative_results.py,19,""{""""Metric Name"""": """"Dummy Classifier Accuracy""",VERIFIED
"18,842",results/count_reference_audit.csv,153,"""18,842"",src/data/data_quality_pipeline.py,157,""""""- **Shared Features** (`flow_duration_sec`, `packe",VERIFIED
84,results/count_reference_audit.csv,154,"84,src/data/data_quality_pipeline.py,158,""""""- **Tier 1 Packet Size Stats** (`mean_packet_size_bytes`",VERIFIED
84,results/count_reference_audit.csv,155,"84,src/data/dataset_forensics.py,24,""""""num_records"""": 84,"",VERIFIED",VERIFIED
84,results/count_reference_audit.csv,156,"84,src/data/generate_all_sih_docs.py,63,""- In Phase 1, Random Forest achieved 100% Macro-F1 under ra",VERIFIED
"18,842",results/count_reference_audit.csv,157,"""18,842"",src/data/generate_all_sih_docs.py,67,""2. **Large-Scale Generalization Benchmark (18,842 Flo",VERIFIED
"18,842",results/count_reference_audit.csv,158,"""18,842"",src/data/generate_all_sih_docs.py,79,""## 2. Benchmark Summary Table (Combined Dataset: 18,8",VERIFIED
"18,842",results/count_reference_audit.csv,159,"""18,842"",src/data/generate_all_sih_docs.py,93,""*Fig 2: Large-scale multi-model comparison across 18,",VERIFIED
"18,842",results/count_reference_audit.csv,160,"""18,842"",src/data/generate_all_sih_docs.py,119,""## 1. Combined Large-Scale Dataset Evaluation (18,84",VERIFIED
84,results/count_reference_audit.csv,161,"84,src/data/generate_all_sih_docs.py,166,""| **Tier 1 -> Tier 2** | Custom IPsec (84 flows) | UNB ISC",VERIFIED
84,results/count_reference_audit.csv,162,"84,src/data/generate_all_sih_docs.py,167,""| **Tier 2 -> Tier 1** | UNB ISCX VPN (18,758 flows) | Cus",VERIFIED
"18,842",results/count_reference_audit.csv,163,"""18,842"",src/data/generate_all_sih_docs.py,246,""## 2. Complete Model Comparison (18,842 Flows)"",VERI",VERIFIED
84,results/count_reference_audit.csv,164,"84,src/data/generate_sih_evidence.py,57,""- In Phase 1, Random Forest achieved 100% Macro-F1 under ra",VERIFIED
"18,842",results/count_reference_audit.csv,165,"""18,842"",src/data/generate_sih_evidence.py,61,""2. **Large-Scale Generalization Benchmark (18,842 Flo",VERIFIED
"18,842",results/count_reference_audit.csv,166,"""18,842"",src/visualizer/plot_phase2_charts.py,87,""ax.set_title(""""Fig 2: Large-Scale Combined Benchma",VERIFIED
18842,results/data_quality.json,2,"""dataset_rows"": 18842,",VERIFIED
84,results/data_quality.json,65,"""null_count"": 84,",VERIFIED
5103,results/data_quality.json,86,"""ICMP"": 5103,",VERIFIED
5097,results/data_quality.json,97,"""2"": 5097",VERIFIED
"18,842",results/data_quality_report.md,3,"**Dataset Evaluated**: `data/processed/canonical_vpn_dataset.csv` (18,842 total flow records)",VERIFIED
"18,842",results/data_quality_report.md,6,"- **Total Flow Records**: 18,842",VERIFIED
84,results/data_quality_report.md,7,- **Tier 1 (Custom Testbed IPsec)**: 84 flows,VERIFIED
"5,103",results/data_quality_report.md,25,"| `ICMP` | 5,103 | 27.08% |",VERIFIED
"18,842",results/data_quality_report.md,33,"- **Shared Features** (`flow_duration_sec`, `packets_per_sec`, `bytes_per_sec`, `mean_iat_sec`, `std",VERIFIED
84,results/data_quality_report.md,34,"- **Tier 1 Packet Size Stats** (`mean_packet_size_bytes`, etc.): Present for all 84 Tier 1 records; ",VERIFIED
5097,results/dataset_reconciliation.csv,7,"DS4_ISCX_SCENARIO_B,2,ICMP,5097",VERIFIED
18842,results/dataset_reconciliation.json,2,"""claimed_total_flows"": 18842,",VERIFIED
18842,results/dataset_reconciliation.json,3,"""actual_canonical_rows"": 18842,",VERIFIED
18842,results/dataset_reconciliation.json,4,"""unique_flow_ids"": 18842,",VERIFIED
5103,results/dataset_reconciliation.json,10,"""ICMP"": 5103,",VERIFIED
84,results/dataset_reconciliation.json,16,"""1"": 84",VERIFIED
84,results/dataset_reconciliation.json,20,"""DS1_CUSTOM_IPSEC"": 84",VERIFIED
84,results/dataset_semantic_matrix.csv,2,"DS_CUSTOM_IPSEC,IKEv2 / IPsec ESP,YES (100% Native Kernel XFRM),YES,""Application Traffic Class (ICMP",VERIFIED
5103,results/error_analysis.csv,16,"T2_000275,DS4_ISCX_SCENARIO_B,2,T2_GRP_CHAT_5,INTERACTIVE,14.920343,2.0106776366,655.8160224601,0.51",VERIFIED
84,results/error_analysis.csv,23,"T2_000359,DS4_ISCX_SCENARIO_B,2,T2_GRP_CHAT_9,INTERACTIVE,13.842419,3.0341517621,1156.7342384304,0.3",VERIFIED
84,results/error_analysis.csv,24,"T2_000366,DS4_ISCX_SCENARIO_B,2,T2_GRP_CHAT_6,INTERACTIVE,14.989586,3.4023621466,1268.5473768255,0.2",VERIFIED
84,results/error_analysis.csv,272,"T2_009465,DS4_ISCX_SCENARIO_B,2,T2_GRP_FT_5,BULK,0.937818,22.3924044964,7536.6435705009,0.0468909,0.",VERIFIED
84,results/error_analysis.csv,286,"T2_009884,DS4_ISCX_SCENARIO_B,2,T2_GRP_MAIL_4,INTERACTIVE,4.3e-05,46511.6279069767,3139534.88372093,",VERIFIED
84,results/error_analysis.csv,310,"T2_012864,DS4_ISCX_SCENARIO_B,2,T2_GRP_BROWSING_4,WEB,14.992076,56.6299156968,60135.9678272709,0.017",VERIFIED
84,results/error_analysis.csv,311,"T2_012868,DS4_ISCX_SCENARIO_B,2,T2_GRP_BROWSING_8,WEB,11.307328,75.2609281344,74801.0493725839,0.013",VERIFIED
84,results/error_analysis.csv,339,"T2_015296,DS4_ISCX_SCENARIO_B,2,T2_GRP_BROWSING_6,WEB,14.965088,12.9635054602,6940.4870856757,0.0775",VERIFIED
84,results/esp_analysis.json,2571,"""sequence_number"": 84,",VERIFIED
84,results/esp_analysis.json,2795,"""sequence_number"": 84,",VERIFIED
84,results/esp_analysis.json,7283,"""packet_index"": 84,",VERIFIED
84,results/esp_analysis.json,14387,"""packet_index"": 84,",VERIFIED
84,results/experiment_report.md,20,- **Total Statistical Flows Extracted**: 84,VERIFIED
"18,842",results/group_size_distribution.md,3,"## 18,842 Canonical Sample Arithmetic Reconciliation",VERIFIED
84,results/group_size_distribution.md,4,- **DS1_CUSTOM_IPSEC (Primary Native IPsec Testbed)**: `84` samples,VERIFIED
"13,661",results/group_size_distribution.md,6,"- *ISCX Non-ICMP Traffic (BULK/WEB/INTERACTIVE)*: `13,661` samples",VERIFIED
"5,097",results/group_size_distribution.md,7,"- *ISCX VOIP/ICMP Traffic*: `5,097` samples",VERIFIED
"18,842",results/group_size_distribution.md,8,"- **Sum Total Verification**: `84 + 18758 = 18,842` (Exact Match: **`True`**)",VERIFIED
84,results/group_size_distribution.md,8,"- **Sum Total Verification**: `84 + 18758 = 18,842` (Exact Match: **`True`**)",VERIFIED
18842,results/group_split_audit.json,3,"""total_canonical_samples"": 18842,",VERIFIED
"18,842",results/group_split_audit.md,4,"**Total Dataset Samples**: `18,842`",VERIFIED
5103,results/metrics.json,303,"""ood_sample_count"": 5103,",VERIFIED
"18,842",src/audit/ablation_reconciliation.py,23,This document reconciles all feature group ablation subset evaluations across subsets A through G on,VERIFIED
"18,842",src/audit/classwise_performance_audit.py,55,"This document breaks down per-class precision, recall, F1 score, and support across all 4 canonical ",VERIFIED
84,src/audit/dataset_taxonomy_attack.py,22,"""Risk"": ""Small sample size (84 flows) - mitigated by combining with external benchmarks.""",VERIFIED
"18,842",src/audit/judge_qa_compiler.py,10,"(""1. Is the 18,842-flow dataset really native IPsec?"", ""Primary native IPsec flows (DS_CUSTOM_IPSEC ",VERIFIED
84,src/audit/judge_qa_compiler.py,11,"(""2. What percentage is native IPsec vs. auxiliary VPN?"", ""Primary Native IPsec comprises 84 custom ",VERIFIED
"13,655",src/audit/judge_qa_compiler.py,11,"(""2. What percentage is native IPsec vs. auxiliary VPN?"", ""Primary Native IPsec comprises 84 custom ",VERIFIED
"5,103",src/audit/judge_qa_compiler.py,11,"(""2. What percentage is native IPsec vs. auxiliary VPN?"", ""Primary Native IPsec comprises 84 custom ",VERIFIED
"18,842",src/audit/judge_qa_compiler.py,15,"(""6. Why did initial PoC 100% Macro-F1 drop to 95.29% / 88.30%?"", ""Phase 1 used a small 84-sample da",VERIFIED
84,src/audit/judge_qa_compiler.py,15,"(""6. Why did initial PoC 100% Macro-F1 drop to 95.29% / 88.30%?"", ""Phase 1 used a small 84-sample da",VERIFIED
84,src/audit/judge_qa_compiler.py,17,"(""8. Why is Random Forest selected as the primary baseline over XGBoost?"", ""Random Forest achieved s",VERIFIED
"18,842",src/audit/reconcile_dataset.py,8,"Performs forensic 18,842-flow reconciliation and outputs exact composition tables.",VERIFIED
"18,842",src/audit/run_final_hardening_pass.py,36,"# Step 3: Dataset Taxonomy & 18,842 Sample Arithmetic",VERIFIED
"18,842",src/audit/run_final_hardening_pass.py,37,"print(""\n[HARDENING 3/9] Auditing dataset semantics & 18,842 arithmetic..."")",VERIFIED
"18,842",src/audit/run_final_hardening_pass.py,87,The final Judge Attack and evidence hardening pass over **IPsecTrace Phase 2** is complete. All re,VERIFIED
84,src/audit/run_final_hardening_pass.py,87,The final Judge Attack and evidence hardening pass over **IPsecTrace Phase 2** is complete. All re,VERIFIED
"13,655",src/audit/run_final_hardening_pass.py,87,The final Judge Attack and evidence hardening pass over **IPsecTrace Phase 2** is complete. All re,VERIFIED
"5,103",src/audit/run_final_hardening_pass.py,87,The final Judge Attack and evidence hardening pass over **IPsecTrace Phase 2** is complete. All re,VERIFIED
"18,842",src/audit/run_final_hardening_pass.py,96,"| **18,842 Sample Arithmetic**| `GREEN` | Exact match verified (`84 + 13,655 + 5,103 = 18,842`) |",VERIFIED
84,src/audit/run_final_hardening_pass.py,96,"| **18,842 Sample Arithmetic**| `GREEN` | Exact match verified (`84 + 13,655 + 5,103 = 18,842`) |",VERIFIED
"13,655",src/audit/run_final_hardening_pass.py,96,"| **18,842 Sample Arithmetic**| `GREEN` | Exact match verified (`84 + 13,655 + 5,103 = 18,842`) |",VERIFIED
"5,103",src/audit/run_final_hardening_pass.py,96,"| **18,842 Sample Arithmetic**| `GREEN` | Exact match verified (`84 + 13,655 + 5,103 = 18,842`) |",VERIFIED
84,src/audit/run_final_hardening_pass.py,98,"| **Random Forest Metrics** | `GREEN` | Macro F1 = `88.30% ± 0.44%` (95% CI), Accuracy = `89.84% ± 0",VERIFIED
84,src/audit/run_final_hardening_pass.py,99,"| **XGBoost Metrics** | `GREEN` | Macro F1 = `84.92% ± 0.23%`, Accuracy = `87.17% ± 0.30%` |",VERIFIED
84,src/audit/run_final_hardening_pass.py,113,- **Accuracy**: `89.84% ± 0.45%` (95% CI: `0.8984 ± 0.0045`),VERIFIED
"18,842",src/audit/sample_arithmetic_audit.py,32,"print(f""[ARITHMETIC CHECK] 18,842 Verification: Custom IPsec ({poc_count}) + ISCX SCENARIO B ({iscx_",VERIFIED
"18,842",src/audit/sample_arithmetic_audit.py,54,"## 18,842 Canonical Sample Arithmetic Reconciliation",VERIFIED
84,src/audit/trace_authoritative_results.py,13,"{""Metric Name"": ""Random Forest Accuracy"", ""Earlier Result"": ""89.85%"", ""Recalculated Result"": ""89.84%",VERIFIED
84,src/audit/trace_authoritative_results.py,16,"{""Metric Name"": ""XGBoost Macro-F1"", ""Earlier Result"": ""83.81%"", ""Recalculated Result"": ""84.92%"", ""Di",VERIFIED
"18,842",src/audit/trace_authoritative_results.py,19,"{""Metric Name"": ""Dummy Classifier Accuracy"", ""Earlier Result"": ""26.92%"", ""Recalculated Result"": ""31.",VERIFIED
"18,842",src/data/data_quality_pipeline.py,157,"""- **Shared Features** (`flow_duration_sec`, `packets_per_sec`, `bytes_per_sec`, `mean_iat_sec`, `st",VERIFIED
84,src/data/data_quality_pipeline.py,158,"""- **Tier 1 Packet Size Stats** (`mean_packet_size_bytes`, etc.): Present for all 84 Tier 1 records;",VERIFIED
84,src/data/dataset_forensics.py,24,"""num_records"": 84,",VERIFIED
84,src/data/generate_all_sih_docs.py,63,"- In Phase 1, Random Forest achieved 100% Macro-F1 under random train-test splitting on 84 testbed f",VERIFIED
"18,842",src/data/generate_all_sih_docs.py,67,"2. **Large-Scale Generalization Benchmark (18,842 Flows)**:",VERIFIED
"18,842",src/data/generate_all_sih_docs.py,79,"## 2. Benchmark Summary Table (Combined Dataset: 18,842 Flows)",VERIFIED
"18,842",src/data/generate_all_sih_docs.py,93,"*Fig 2: Large-scale multi-model comparison across 18,842 flows.*",VERIFIED
"18,842",src/data/generate_all_sih_docs.py,119,"## 1. Combined Large-Scale Dataset Evaluation (18,842 Flows)",VERIFIED
84,src/data/generate_all_sih_docs.py,166,"| **Tier 1 -> Tier 2** | Custom IPsec (84 flows) | UNB ISCX VPN (18,758 flows) | {exp4['train_t1_tes",VERIFIED
84,src/data/generate_all_sih_docs.py,167,"| **Tier 2 -> Tier 1** | UNB ISCX VPN (18,758 flows) | Custom IPsec (84 flows) | {exp4['train_t2_tes",VERIFIED
"18,842",src/data/generate_all_sih_docs.py,246,"## 2. Complete Model Comparison (18,842 Flows)",VERIFIED
84,src/data/generate_sih_evidence.py,57,"- In Phase 1, Random Forest achieved 100% Macro-F1 under random train-test splitting on 84 testbed f",VERIFIED
"18,842",src/data/generate_sih_evidence.py,61,"2. **Large-Scale Generalization Benchmark (18,842 Flows)**:",VERIFIED
"18,842",src/visualizer/plot_phase2_charts.py,87,"ax.set_title(""Fig 2: Large-Scale Combined Benchmark Performance (18,842 Flows)"", fontsize=12, fontwe",VERIFIED
