sample_id,dataset_source,provenance_tier,experiment_group,traffic_class,flow_duration_sec,packets_per_sec,bytes_per_sec,mean_iat_sec,std_iat_sec,mean_packet_size_bytes,std_packet_size_bytes,min_packet_size_bytes,max_packet_size_bytes,pcap_source,raw_class_iscx,label_idx,predicted_label_idx,predicted_class,confidence,is_misclassified
T1_0053,DS1_CUSTOM_IPSEC,1,T1_GRP_INTERACTIVE_3,INTERACTIVE,0.3022010326385498,49.635833038138166,11416.241598771778,0.0215857880456107,0.0328460534987015,230.0,189.76476666301008,134.0,694.0,EXP_INTERACTIVE_F017,,2,3,WEB,0.7,True
T1_0055,DS1_CUSTOM_IPSEC,1,T1_GRP_INTERACTIVE_0,INTERACTIVE,0.250931978225708,59.77715596896868,16618.049359373294,0.0179237127304077,0.0282862092871207,278.0,217.03455946000852,134.0,694.0,EXP_INTERACTIVE_F019,,2,3,WEB,0.55,True
T1_0066,DS1_CUSTOM_IPSEC,1,T1_GRP_WEB_1,WEB,0.5563309192657471,26.962369842390206,3900.55617053245,0.0397379228046962,0.0744173671823476,144.66666666666666,27.19477073916152,134.0,214.0,EXP_WEB_F004,,3,2,INTERACTIVE,0.62,True
T2_000002,DS4_ISCX_SCENARIO_B,2,T2_GRP_CHAT_2,INTERACTIVE,4.644225,11.412022458,4161.5124159575,0.0893120192307692,0.2174754252464339,,,,,ISCX_Scenario_B_15s,CHAT,2,3,WEB,0.49,True
T2_000006,DS4_ISCX_SCENARIO_B,2,T2_GRP_CHAT_6,INTERACTIVE,13.978645,8.6560607269,3046.003385879,0.116488708333333,0.33426019200433,,,,,ISCX_Scenario_B_15s,CHAT,2,3,WEB,0.8,True
T2_000010,DS4_ISCX_SCENARIO_B,2,T2_GRP_CHAT_0,INTERACTIVE,9.501115,6.3150482864,2260.3662833257,0.161035847457627,0.571035072721225,,,,,ISCX_Scenario_B_15s,CHAT,2,3,WEB,0.56,True
T2_000012,DS4_ISCX_SCENARIO_B,2,T2_GRP_CHAT_2,INTERACTIVE,3.483711,13.7784104365,5734.6892437404,0.0741215106382979,0.145636797287304,,,,,ISCX_Scenario_B_15s,CHAT,2,3,WEB,0.43,True
T2_000122,DS4_ISCX_SCENARIO_B,2,T2_GRP_CHAT_2,INTERACTIVE,14.683187,6.810510552,2269.6026414429,0.14831502020202,0.55002256198407,,,,,ISCX_Scenario_B_15s,CHAT,2,3,WEB,0.47,True
T2_000123,DS4_ISCX_SCENARIO_B,2,T2_GRP_CHAT_3,INTERACTIVE,11.651772,7.037556176,3179.2589144381,0.143849037037037,0.617491714149731,,,,,ISCX_Scenario_B_15s,CHAT,2,3,WEB,0.58,True
T2_000207,DS4_ISCX_SCENARIO_B,2,T2_GRP_CHAT_7,INTERACTIVE,9.892537,4.5488836686,1496.5827269587,0.224830386363636,0.855167367799351,,,,,ISCX_Scenario_B_15s,CHAT,2,3,WEB,0.56,True
T2_000259,DS4_ISCX_SCENARIO_B,2,T2_GRP_CHAT_9,INTERACTIVE,14.554172,2.404808738,737.8640296404,0.4280638823529409,1.00566723133436,,,,,ISCX_Scenario_B_15s,CHAT,2,3,WEB,0.59,True
T2_000260,DS4_ISCX_SCENARIO_B,2,T2_GRP_CHAT_0,INTERACTIVE,14.97601,4.2735014199,1215.1434193754,0.237714444444444,0.905389649922997,,,,,ISCX_Scenario_B_15s,CHAT,2,3,WEB,0.63,True
T2_000266,DS4_ISCX_SCENARIO_B,2,T2_GRP_CHAT_6,INTERACTIVE,11.44646,1.3978120747,325.6902133935,0.7630973333333331,1.79323108513508,,,,,ISCX_Scenario_B_15s,CHAT,2,3,WEB,0.51,True
T2_000267,DS4_ISCX_SCENARIO_B,2,T2_GRP_CHAT_7,INTERACTIVE,11.071813,2.9805416692,1758.8808626013,0.34599415625,1.36943998473748,,,,,ISCX_Scenario_B_15s,CHAT,2,3,WEB,0.89,True
T2_000275,DS4_ISCX_SCENARIO_B,2,T2_GRP_CHAT_5,INTERACTIVE,14.920343,2.0106776366,655.8160224601,0.514494586206897,1.51030884586398,,,,,ISCX_Scenario_B_15s,CHAT,2,3,WEB,0.82,True
T2_000277,DS4_ISCX_SCENARIO_B,2,T2_GRP_CHAT_7,INTERACTIVE,14.994285,3.3346038174,1282.4886281673,0.306005816326531,0.6881248442815501,,,,,ISCX_Scenario_B_15s,CHAT,2,3,WEB,0.7,True
T2_000282,DS4_ISCX_SCENARIO_B,2,T2_GRP_CHAT_2,INTERACTIVE,0.048035,124.9089205787,20485.0629749141,0.009607,0.0196941571474892,,,,,ISCX_Scenario_B_15s,CHAT,2,3,WEB,0.92,True
T2_000286,DS4_ISCX_SCENARIO_B,2,T2_GRP_CHAT_6,INTERACTIVE,2.71474,342.9426022382,319906.142024651,0.0029190752688172,0.078814430069496,,,,,ISCX_Scenario_B_15s,CHAT,2,0,BULK,0.72,True
T2_000337,DS4_ISCX_SCENARIO_B,2,T2_GRP_CHAT_7,INTERACTIVE,10.494981,2.9537928654,1045.8332416228,0.3498327,1.03872343280944,,,,,ISCX_Scenario_B_15s,CHAT,2,3,WEB,0.82,True
T2_000346,DS4_ISCX_SCENARIO_B,2,T2_GRP_CHAT_6,INTERACTIVE,14.972582,2.3376061657,962.4258528021,0.440370058823529,2.30452331732625,,,,,ISCX_Scenario_B_15s,CHAT,2,3,WEB,0.74,True
T2_000355,DS4_ISCX_SCENARIO_B,2,T2_GRP_CHAT_5,INTERACTIVE,14.942195,1.5392651481,615.9068329653,0.679190681818182,1.97077866270969,,,,,ISCX_Scenario_B_15s,CHAT,2,3,WEB,0.5,True
T2_000359,DS4_ISCX_SCENARIO_B,2,T2_GRP_CHAT_9,INTERACTIVE,13.842419,3.0341517621,1156.7342384304,0.337619975609756,1.27945610315501,,,,,ISCX_Scenario_B_15s,CHAT,2,3,WEB,0.84,True
T2_000366,DS4_ISCX_SCENARIO_B,2,T2_GRP_CHAT_6,INTERACTIVE,14.989586,3.4023621466,1268.5473768255,0.29979172,1.0700490109958,,,,,ISCX_Scenario_B_15s,CHAT,2,3,WEB,0.84,True
T2_000374,DS4_ISCX_SCENARIO_B,2,T2_GRP_CHAT_4,INTERACTIVE,11.356917,0.5283123932,78.9827027881,2.2713834,4.91948968011186,,,,,ISCX_Scenario_B_15s,CHAT,2,0,BULK,0.65,True
T2_000404,DS4_ISCX_SCENARIO_B,2,T2_GRP_CHAT_4,INTERACTIVE,3.815558,1.0483394565,61.8520279341,1.27185266666667,2.11534096959375,,,,,ISCX_Scenario_B_15s,CHAT,2,0,BULK,0.75,True
T2_000407,DS4_ISCX_SCENARIO_B,2,T2_GRP_CHAT_7,INTERACTIVE,14.956581,0.1337204004,5.7499772174,15.0,0.0,,,,,ISCX_Scenario_B_15s,CHAT,2,0,BULK,0.889137168141593,True
T2_000414,DS4_ISCX_SCENARIO_B,2,T2_GRP_CHAT_4,INTERACTIVE,0.036821,81.4752451047,14529.7520436707,0.0184105,0.0258779868517625,,,,,ISCX_Scenario_B_15s,CHAT,2,3,WEB,0.51,True
T2_000417,DS4_ISCX_SCENARIO_B,2,T2_GRP_CHAT_7,INTERACTIVE,12.507195,7.995397849,2776.0021331722,0.126335303030303,0.514000156671122,,,,,ISCX_Scenario_B_15s,CHAT,2,3,WEB,0.77,True
T2_000423,DS4_ISCX_SCENARIO_B,2,T2_GRP_CHAT_3,INTERACTIVE,4.733234,3.8028967087,1295.9426895015,0.278425529411765,0.961559043262465,,,,,ISCX_Scenario_B_15s,CHAT,2,3,WEB,0.89,True
T2_000441,DS4_ISCX_SCENARIO_B,2,T2_GRP_CHAT_1,INTERACTIVE,14.867345,3.6993827748,1193.3536216453,0.275321203703704,0.966393358686314,,,,,ISCX_Scenario_B_15s,CHAT,2,3,WEB,0.56,True
T2_000447,DS4_ISCX_SCENARIO_B,2,T2_GRP_CHAT_7,INTERACTIVE,7.744383,8.909683315,3140.4696797666,0.113887985294118,0.517209693557767,,,,,ISCX_Scenario_B_15s,CHAT,2,3,WEB,0.58,True
T2_000467,DS4_ISCX_SCENARIO_B,2,T2_GRP_CHAT_7,INTERACTIVE,1.707645,7.6128235084,4450.5737433717,0.14230375,0.451379540925096,,,,,ISCX_Scenario_B_15s,CHAT,2,3,WEB,0.65,True
T2_000487,DS4_ISCX_SCENARIO_B,2,T2_GRP_CHAT_7,INTERACTIVE,12.428626,3.9425114248,1132.5467513465,0.258929708333333,0.765652600329815,,,,,ISCX_Scenario_B_15s,CHAT,2,3,WEB,0.59,True
T2_000495,DS4_ISCX_SCENARIO_B,2,T2_GRP_CHAT_5,INTERACTIVE,4.826,2.9009531703,1055.5325321177,0.371230769230769,1.00849304811657,,,,,ISCX_Scenario_B_15s,CHAT,2,3,WEB,0.65,True
T2_000505,DS4_ISCX_SCENARIO_B,2,T2_GRP_CHAT_5,INTERACTIVE,10.454827,4.6868303034,1439.6220999162,0.217808895833333,1.18068038009797,,,,,ISCX_Scenario_B_15s,CHAT,2,3,WEB,0.95,True
T2_000518,DS4_ISCX_SCENARIO_B,2,T2_GRP_CHAT_8,INTERACTIVE,13.584535,3.1653641439,1057.0107846901,0.32344130952381,0.811397531030439,,,,,ISCX_Scenario_B_15s,CHAT,2,3,WEB,0.74,True
T2_000549,DS4_ISCX_SCENARIO_B,2,T2_GRP_CHAT_9,INTERACTIVE,14.994493,4.0681602239,1513.7557501944,0.249908216666667,0.6357095991835859,,,,,ISCX_Scenario_B_15s,CHAT,2,3,WEB,0.69,True
T2_000552,DS4_ISCX_SCENARIO_B,2,T2_GRP_CHAT_2,INTERACTIVE,1.791124,3.9081604624,993.2310660792,0.298520666666667,0.6839229368062361,,,,,ISCX_Scenario_B_15s,CHAT,2,3,WEB,0.7,True
T2_000587,DS4_ISCX_SCENARIO_B,2,T2_GRP_CHAT_7,INTERACTIVE,9.835056,0.4067084112,38.7389761685,3.278352,5.48612635169867,,,,,ISCX_Scenario_B_15s,CHAT,2,0,BULK,0.78,True
T2_000622,DS4_ISCX_SCENARIO_B,2,T2_GRP_CHAT_2,INTERACTIVE,0.06849,29.2013432618,2248.5034311578,0.06849,0.0,,,,,ISCX_Scenario_B_15s,CHAT,2,0,BULK,0.89,True
T2_000650,DS4_ISCX_SCENARIO_B,2,T2_GRP_CHAT_0,INTERACTIVE,6.024864,1.9917462037,266.0640970485,0.5477149090909089,1.32658037154474,,,,,ISCX_Scenario_B_15s,CHAT,2,0,BULK,0.57,True
T2_000680,DS4_ISCX_SCENARIO_B,2,T2_GRP_CHAT_0,INTERACTIVE,14.406407,1.5270983251,587.7246144719,0.6860193809523809,1.55750857621115,,,,,ISCX_Scenario_B_15s,CHAT,2,3,WEB,0.65,True
T2_000690,DS4_ISCX_SCENARIO_B,2,T2_GRP_CHAT_0,INTERACTIVE,10.64661,1.972458839,799.6911693018,0.5323305,1.23301057607143,,,,,ISCX_Scenario_B_15s,CHAT,2,3,WEB,0.72,True
T2_000765,DS4_ISCX_SCENARIO_B,2,T2_GRP_CHAT_5,INTERACTIVE,0.120145,41.6163802072,35457.1559365766,0.03003625,0.0207786491359921,,,,,ISCX_Scenario_B_15s,CHAT,2,3,WEB,0.85,True
T2_000772,DS4_ISCX_SCENARIO_B,2,T2_GRP_CHAT_2,INTERACTIVE,0.109997,118.1850414102,59492.5316144986,0.0091664166666667,0.016239874976894,,,,,ISCX_Scenario_B_15s,CHAT,2,3,WEB,0.92,True
T2_000800,DS4_ISCX_SCENARIO_B,2,T2_GRP_CHAT_0,INTERACTIVE,0.020932,95.5474871011,8647.0475826486,0.020932,0.0,,,,,ISCX_Scenario_B_15s,CHAT,2,0,BULK,0.73,True
T2_000835,DS4_ISCX_SCENARIO_B,2,T2_GRP_CHAT_5,INTERACTIVE,12.355194,0.8903138227,154.7527299045,1.2355193999999998,2.9751040426869,,,,,ISCX_Scenario_B_15s,CHAT,2,3,WEB,0.42,True
T2_000844,DS4_ISCX_SCENARIO_B,2,T2_GRP_CHAT_4,INTERACTIVE,11.17356,0.5369819467,81.4422619112,2.234712,4.92112091656091,,,,,ISCX_Scenario_B_15s,CHAT,2,0,BULK,0.7,True
T2_000862,DS4_ISCX_SCENARIO_B,2,T2_GRP_CHAT_2,INTERACTIVE,0.025162,79.4849376043,8027.9786980367,0.025162,0.0,,,,,ISCX_Scenario_B_15s,CHAT,2,0,BULK,0.85,True
T2_000868,DS4_ISCX_SCENARIO_B,2,T2_GRP_CHAT_8,INTERACTIVE,14.991194,0.3335291372,69.3740605318,3.7477985,6.731116544514641,,,,,ISCX_Scenario_B_15s,CHAT,2,0,BULK,0.46,True
T2_000871,DS4_ISCX_SCENARIO_B,2,T2_GRP_CHAT_1,INTERACTIVE,0.0,0.0,0.0,0.0,0.0,,,,,ISCX_Scenario_B_15s,CHAT,2,0,BULK,0.9052318583436616,True
T2_000877,DS4_ISCX_SCENARIO_B,2,T2_GRP_CHAT_7,INTERACTIVE,8.365529,0.4781526667,80.8078006782,2.7885096666666698,4.76594845782724,,,,,ISCX_Scenario_B_15s,CHAT,2,0,BULK,0.97,True
T2_000914,DS4_ISCX_SCENARIO_B,2,T2_GRP_FT_4,BULK,0.000157,12738.8535031847,509554.140127389,0.000157,0.0,,,,,ISCX_Scenario_B_15s,FT,0,2,INTERACTIVE,0.89,True
T2_001045,DS4_ISCX_SCENARIO_B,2,T2_GRP_FT_5,BULK,1.368882,242.5336880754,205441.374786139,0.0041355951661632,0.0299339402438685,,,,,ISCX_Scenario_B_15s,FT,0,3,WEB,0.6,True
T2_001157,DS4_ISCX_SCENARIO_B,2,T2_GRP_FT_7,BULK,0.000347,5763.6887608069,230547.550432277,0.000347,0.0,,,,,ISCX_Scenario_B_15s,FT,0,2,INTERACTIVE,0.65,True
T2_001181,DS4_ISCX_SCENARIO_B,2,T2_GRP_FT_1,BULK,0.000115,17391.3043478261,695652.173913043,0.000115,0.0,,,,,ISCX_Scenario_B_15s,FT,0,2,INTERACTIVE,0.97,True
T2_001242,DS4_ISCX_SCENARIO_B,2,T2_GRP_FT_2,BULK,0.079183,189.4346008613,18337.2693633735,0.0056559285714286,0.0139880379113688,,,,,ISCX_Scenario_B_15s,FT,0,3,WEB,0.83,True
T2_001256,DS4_ISCX_SCENARIO_B,2,T2_GRP_FT_6,BULK,0.078364,242.4582716554,45722.5256495329,0.0043535555555556,0.0120477288449011,,,,,ISCX_Scenario_B_15s,FT,0,3,WEB,0.81,True
T2_001259,DS4_ISCX_SCENARIO_B,2,T2_GRP_FT_9,BULK,0.000154,12987.012987013,519480.51948052,0.000154,0.0,,,,,ISCX_Scenario_B_15s,FT,0,2,INTERACTIVE,0.87,True
T2_001303,DS4_ISCX_SCENARIO_B,2,T2_GRP_FT_3,BULK,3.3e-05,60606.0606060606,5060606.06060606,3.3e-05,0.0,,,,,ISCX_Scenario_B_15s,FT,0,2,INTERACTIVE,0.83,True
T2_001304,DS4_ISCX_SCENARIO_B,2,T2_GRP_FT_4,BULK,0.022711,132.0945797191,6648.760512527,0.0113555,0.0159912198252666,,,,,ISCX_Scenario_B_15s,FT,0,2,INTERACTIVE,0.95,True
T2_001469,DS4_ISCX_SCENARIO_B,2,T2_GRP_FT_9,BULK,0.001827,1642.0361247948,82649.1516146688,0.0009135,0.0009128743067915,,,,,ISCX_Scenario_B_15s,FT,0,2,INTERACTIVE,0.64,True
T2_001507,DS4_ISCX_SCENARIO_B,2,T2_GRP_FT_7,BULK,0.068542,889.9652767646,781360.333809927,0.0011423666666667,0.0065439215254367,,,,,ISCX_Scenario_B_15s,FT,0,3,WEB,0.6,True
T2_001523,DS4_ISCX_SCENARIO_B,2,T2_GRP_FT_3,BULK,0.013998,214.3163309044,10787.2553221889,0.006999,0.0094469465437251,,,,,ISCX_Scenario_B_15s,FT,0,2,INTERACTIVE,0.51,True
T2_001540,DS4_ISCX_SCENARIO_B,2,T2_GRP_FT_0,BULK,0.194691,30.81806555,2727.3988011773,0.0389382,0.0363703707013003,,,,,ISCX_Scenario_B_15s,FT,0,2,INTERACTIVE,0.7,True
T2_001566,DS4_ISCX_SCENARIO_B,2,T2_GRP_FT_6,BULK,0.170717,35.1458847098,2852.6743089441,0.0341434,0.0481361995908485,,,,,ISCX_Scenario_B_15s,FT,0,2,INTERACTIVE,0.59,True
T2_001567,DS4_ISCX_SCENARIO_B,2,T2_GRP_FT_7,BULK,0.09947,50.2664119835,2322.3082336383,0.0248675,0.0396605988272156,,,,,ISCX_Scenario_B_15s,FT,0,2,INTERACTIVE,0.62,True
T2_001604,DS4_ISCX_SCENARIO_B,2,T2_GRP_FT_4,BULK,0.003655,1367.9890560876,73050.6155950752,0.00091375,0.0013112408563393,,,,,ISCX_Scenario_B_15s,FT,0,2,INTERACTIVE,0.54,True
T2_001653,DS4_ISCX_SCENARIO_B,2,T2_GRP_FT_3,BULK,14.994773,1.8006274586,243.7516059763,0.5767220384615389,1.94559809552526,,,,,ISCX_Scenario_B_15s,FT,0,2,INTERACTIVE,0.69,True
T2_001692,DS4_ISCX_SCENARIO_B,2,T2_GRP_FT_2,BULK,14.994936,1.8006078852,243.7489563143,0.576728307692308,1.94565345822504,,,,,ISCX_Scenario_B_15s,FT,0,2,INTERACTIVE,0.68,True
T2_001710,DS4_ISCX_SCENARIO_B,2,T2_GRP_FT_0,BULK,0.084392,236.9892880842,40726.6091572661,0.0044416842105263,0.0121148957007141,,,,,ISCX_Scenario_B_15s,FT,0,3,WEB,0.69,True
T2_001803,DS4_ISCX_SCENARIO_B,2,T2_GRP_FT_3,BULK,0.002096,954.1984732824,39122.1374045801,0.002096,0.0,,,,,ISCX_Scenario_B_15s,FT,0,2,INTERACTIVE,0.64,True
T2_001815,DS4_ISCX_SCENARIO_B,2,T2_GRP_FT_5,BULK,0.050483,39.6172969118,2416.6551116217,0.050483,0.0,,,,,ISCX_Scenario_B_15s,FT,0,2,INTERACTIVE,0.52,True
T2_001855,DS4_ISCX_SCENARIO_B,2,T2_GRP_FT_5,BULK,43.002377,0.0697635854,3.5579428551,21.5,30.3,,,,,ISCX_Scenario_B_15s,FT,0,3,WEB,0.69,True
T2_001864,DS4_ISCX_SCENARIO_B,2,T2_GRP_FT_4,BULK,10.032239,8.5723635571,633.5574740594,0.118026341176471,0.617151938595256,,,,,ISCX_Scenario_B_15s,FT,0,2,INTERACTIVE,0.64,True
T2_001866,DS4_ISCX_SCENARIO_B,2,T2_GRP_FT_6,BULK,10.974441,5.7406112986,417.5155709525,0.177007112903226,1.14132732789241,,,,,ISCX_Scenario_B_15s,FT,0,2,INTERACTIVE,0.8,True
T2_001889,DS4_ISCX_SCENARIO_B,2,T2_GRP_FT_9,BULK,12.318851,4.5458785077,315.2079686653,0.223979109090909,0.834289446223888,,,,,ISCX_Scenario_B_15s,FT,0,2,INTERACTIVE,0.95,True
T2_002009,DS4_ISCX_SCENARIO_B,2,T2_GRP_MAIL_9,INTERACTIVE,2.539884,13.7801568891,3102.1101751104,0.0747024705882353,0.178477115584032,,,,,ISCX_Scenario_B_15s,MAIL,2,3,WEB,0.49,True
T2_002077,DS4_ISCX_SCENARIO_B,2,T2_GRP_MAIL_7,INTERACTIVE,7.6e-05,26315.7894736842,1052631.57894737,7.6e-05,0.0,,,,,ISCX_Scenario_B_15s,MAIL,2,0,BULK,0.5020476190476191,True
T2_002098,DS4_ISCX_SCENARIO_B,2,T2_GRP_MAIL_8,INTERACTIVE,7.9e-05,25316.4556962025,1012658.2278481,7.9e-05,0.0,,,,,ISCX_Scenario_B_15s,MAIL,2,0,BULK,0.66,True
T2_002155,DS4_ISCX_SCENARIO_B,2,T2_GRP_MAIL_5,INTERACTIVE,4.766122,35.0389687885,20823.8479837486,0.028711578313253,0.0729582682973934,,,,,ISCX_Scenario_B_15s,MAIL,2,0,BULK,0.47,True
T2_002257,DS4_ISCX_SCENARIO_B,2,T2_GRP_STREAMING_7,BULK,0.153446,2619.8141365692,6471358.00216363,0.0003826583541147,0.0024351530389251,,,,,ISCX_Scenario_B_15s,STREAMING,0,3,WEB,0.66,True
T2_002258,DS4_ISCX_SCENARIO_B,2,T2_GRP_STREAMING_8,BULK,0.128445,1401.3780217214,2592899.68468995,0.0007175698324021,0.0026488762837712,,,,,ISCX_Scenario_B_15s,STREAMING,0,3,WEB,0.89,True
T2_002273,DS4_ISCX_SCENARIO_B,2,T2_GRP_STREAMING_3,BULK,0.158423,2165.0896650108,4196732.79763671,0.0004632251461988,0.0027421534919124,,,,,ISCX_Scenario_B_15s,STREAMING,0,3,WEB,0.77,True
T2_002322,DS4_ISCX_SCENARIO_B,2,T2_GRP_STREAMING_2,BULK,0.098389,193.1110185082,51662.2793198427,0.0054660555555556,0.0096556450113375,,,,,ISCX_Scenario_B_15s,STREAMING,0,3,WEB,0.98,True
T2_002324,DS4_ISCX_SCENARIO_B,2,T2_GRP_STREAMING_4,BULK,0.148452,20.2085522593,1050.8447174844,0.074226,0.0492344309503014,,,,,ISCX_Scenario_B_15s,STREAMING,0,2,INTERACTIVE,0.81,True
T2_002327,DS4_ISCX_SCENARIO_B,2,T2_GRP_STREAMING_7,BULK,0.010903,275.153627442,13207.3741172154,0.0054515,0.0076827151125107,,,,,ISCX_Scenario_B_15s,STREAMING,0,2,INTERACTIVE,0.7,True
T2_002402,DS4_ISCX_SCENARIO_B,2,T2_GRP_STREAMING_2,BULK,4.680414,2.9911883863,781.9821067111,0.360031846153846,0.649741471460938,,,,,ISCX_Scenario_B_15s,STREAMING,0,3,WEB,0.47,True
T2_002411,DS4_ISCX_SCENARIO_B,2,T2_GRP_STREAMING_1,BULK,0.118813,25.2497622314,1312.9876360331,0.0594065,0.0309719841066083,,,,,ISCX_Scenario_B_15s,STREAMING,0,2,INTERACTIVE,0.86,True
T2_002414,DS4_ISCX_SCENARIO_B,2,T2_GRP_STREAMING_4,BULK,0.069995,585.7561254375,748524.894635331,0.001749875,0.0057793610448335,,,,,ISCX_Scenario_B_15s,STREAMING,0,3,WEB,0.72,True
T2_002452,DS4_ISCX_SCENARIO_B,2,T2_GRP_STREAMING_2,BULK,37.680787,0.0796161715,4.1400409179,18.8,26.6,,,,,ISCX_Scenario_B_15s,STREAMING,0,3,WEB,0.65,True
T2_002564,DS4_ISCX_SCENARIO_B,2,T2_GRP_STREAMING_4,BULK,10.187017,25.1300257966,23271.6800217375,0.0399490862745098,0.31106056675467,,,,,ISCX_Scenario_B_15s,STREAMING,0,3,WEB,0.57,True
T2_002578,DS4_ISCX_SCENARIO_B,2,T2_GRP_STREAMING_8,BULK,14.7179,253.8405614931,280568.967040135,0.0039405354752343,0.0620978536068212,,,,,ISCX_Scenario_B_15s,STREAMING,0,3,WEB,0.54,True
T2_002598,DS4_ISCX_SCENARIO_B,2,T2_GRP_STREAMING_8,BULK,11.500351,2.6955699004,1079.4453143213,0.383345033333333,1.7869575501969,,,,,ISCX_Scenario_B_15s,STREAMING,0,3,WEB,0.86,True
T2_002610,DS4_ISCX_SCENARIO_B,2,T2_GRP_STREAMING_0,BULK,10.357223,16.7033190267,13361.8828135689,0.0602164127906977,0.378830186524042,,,,,ISCX_Scenario_B_15s,STREAMING,0,3,WEB,0.79,True
T2_002680,DS4_ISCX_SCENARIO_B,2,T2_GRP_VOIP_0,ICMP,0.0,0.0,0.0,0.0,0.0,,,,,ISCX_Scenario_B_15s,VOIP,1,0,BULK,0.9052318583436616,True
T2_002686,DS4_ISCX_SCENARIO_B,2,T2_GRP_VOIP_6,ICMP,14.997567,103.8835165731,36020.7759031848,0.0096323487475915,0.0090313857311077,,,,,ISCX_Scenario_B_15s,VOIP,1,0,BULK,0.48,True
T2_003583,DS4_ISCX_SCENARIO_B,2,T2_GRP_VOIP_3,ICMP,14.997997,243.1658040737,66950.3401020816,0.004113548272079,0.008420302957024,,,,,ISCX_Scenario_B_15s,VOIP,1,0,BULK,0.68,True
T2_004017,DS4_ISCX_SCENARIO_B,2,T2_GRP_VOIP_7,ICMP,0.199858,10.0071050446,620.4405127641,0.199858,0.0,,,,,ISCX_Scenario_B_15s,VOIP,1,0,BULK,0.83,True
T2_004649,DS4_ISCX_SCENARIO_B,2,T2_GRP_VOIP_9,ICMP,0.0,0.0,0.0,0.0,0.0,,,,,ISCX_Scenario_B_15s,VOIP,1,0,BULK,0.9052318583436616,True
T2_004652,DS4_ISCX_SCENARIO_B,2,T2_GRP_VOIP_2,ICMP,0.0,0.0,0.0,0.0,0.0,,,,,ISCX_Scenario_B_15s,VOIP,1,0,BULK,0.9052318583436616,True
T2_005222,DS4_ISCX_SCENARIO_B,2,T2_GRP_VOIP_2,ICMP,0.039158,76.6126972777,12232.493998672,0.019579,0.0008471133336219,,,,,ISCX_Scenario_B_15s,VOIP,1,2,INTERACTIVE,0.34,True
T2_005268,DS4_ISCX_SCENARIO_B,2,T2_GRP_VOIP_8,ICMP,13.88508,51.1340229945,6464.636862013,0.0195840338504937,0.19626330018948,,,,,ISCX_Scenario_B_15s,VOIP,1,2,INTERACTIVE,0.42,True
T2_005418,DS4_ISCX_SCENARIO_B,2,T2_GRP_VOIP_8,ICMP,14.217169,2.1804622285,365.6142794673,0.473905633333333,1.65810525044902,,,,,ISCX_Scenario_B_15s,VOIP,1,3,WEB,0.54,True
T2_005427,DS4_ISCX_SCENARIO_B,2,T2_GRP_VOIP_7,ICMP,0.339419,17.6772661519,1641.0395410982,0.0678838,0.0805442230172345,,,,,ISCX_Scenario_B_15s,VOIP,1,2,INTERACTIVE,0.63,True
T2_005463,DS4_ISCX_SCENARIO_B,2,T2_GRP_VOIP_3,ICMP,4.009751,2.9927045345,140.1583290334,0.364522818181818,0.810535993474974,,,,,ISCX_Scenario_B_15s,VOIP,1,0,BULK,0.55,True
T2_005486,DS4_ISCX_SCENARIO_B,2,T2_GRP_CHAT_6,INTERACTIVE,14.783026,2.7058059696,379.4892872407,0.379051948717949,1.43708976296193,,,,,ISCX_Scenario_B_15s,CHAT,2,3,WEB,0.45,True
T2_005509,DS4_ISCX_SCENARIO_B,2,T2_GRP_CHAT_9,INTERACTIVE,6.715671,0.5956217927,104.5316246135,2.238557,3.87715762762562,,,,,ISCX_Scenario_B_15s,CHAT,2,0,BULK,0.92,True
T2_005536,DS4_ISCX_SCENARIO_B,2,T2_GRP_CHAT_6,INTERACTIVE,14.964351,7.1503268,705.4766357726,0.141173122641509,0.245705373333581,,,,,ISCX_Scenario_B_15s,CHAT,2,0,BULK,0.86,True
T2_005538,DS4_ISCX_SCENARIO_B,2,T2_GRP_CHAT_8,INTERACTIVE,14.943202,6.9596864179,691.9534380918,0.1450796310679609,0.207298342858907,,,,,ISCX_Scenario_B_15s,CHAT,2,0,BULK,0.95,True
T2_005615,DS4_ISCX_SCENARIO_B,2,T2_GRP_CHAT_5,INTERACTIVE,6e-06,333333.333333333,20500000.0,6e-06,0.0,,,,,ISCX_Scenario_B_15s,CHAT,2,0,BULK,0.9272380952380952,True
T2_005664,DS4_ISCX_SCENARIO_B,2,T2_GRP_CHAT_4,INTERACTIVE,14.955669,5.9509206843,2434.8626597714,0.169950784090909,0.97994364098845,,,,,ISCX_Scenario_B_15s,CHAT,2,3,WEB,0.46,True
T2_005696,DS4_ISCX_SCENARIO_B,2,T2_GRP_CHAT_6,INTERACTIVE,5.7e-05,35087.7192982456,1403508.77192982,5.7e-05,0.0,,,,,ISCX_Scenario_B_15s,CHAT,2,0,BULK,0.6709999999999999,True
T2_005707,DS4_ISCX_SCENARIO_B,2,T2_GRP_CHAT_7,INTERACTIVE,14.996446,10.7358770205,1647.6570515441,0.0937277875,0.2336272775563969,,,,,ISCX_Scenario_B_15s,CHAT,2,0,BULK,0.87,True
T2_005715,DS4_ISCX_SCENARIO_B,2,T2_GRP_CHAT_5,INTERACTIVE,2.359425,36.4495586848,15004.9270479036,0.0277579411764706,0.0817795778609521,,,,,ISCX_Scenario_B_15s,CHAT,2,3,WEB,0.5,True
T2_005722,DS4_ISCX_SCENARIO_B,2,T2_GRP_CHAT_2,INTERACTIVE,0.000304,9868.4210526316,766447.368421053,0.000152,0.0001739453937303,,,,,ISCX_Scenario_B_15s,CHAT,2,0,BULK,0.64,True
T2_005761,DS4_ISCX_SCENARIO_B,2,T2_GRP_CHAT_1,INTERACTIVE,12.851084,14.4734872171,9588.2183946506,0.0694653189189189,0.8594492696293919,,,,,ISCX_Scenario_B_15s,CHAT,2,3,WEB,0.69,True
T2_005763,DS4_ISCX_SCENARIO_B,2,T2_GRP_CHAT_3,INTERACTIVE,2.495553,23.6420544865,3763.4945040238,0.043026775862069,0.112740004638766,,,,,ISCX_Scenario_B_15s,CHAT,2,3,WEB,0.57,True
T2_005764,DS4_ISCX_SCENARIO_B,2,T2_GRP_CHAT_4,INTERACTIVE,10.705804,13.3572406145,5408.6549688375,0.075392985915493,0.435863863525557,,,,,ISCX_Scenario_B_15s,CHAT,2,3,WEB,0.72,True
T2_005773,DS4_ISCX_SCENARIO_B,2,T2_GRP_CHAT_3,INTERACTIVE,0.675376,41.4583876241,8050.3304825756,0.0250139259259259,0.0436303248779543,,,,,ISCX_Scenario_B_15s,CHAT,2,3,WEB,0.62,True
T2_005794,DS4_ISCX_SCENARIO_B,2,T2_GRP_CHAT_4,INTERACTIVE,13.438017,5.2091019084,791.1881641465,0.194753869565217,0.7086301454598121,,,,,ISCX_Scenario_B_15s,CHAT,2,3,WEB,0.47,True
T2_005803,DS4_ISCX_SCENARIO_B,2,T2_GRP_CHAT_3,INTERACTIVE,0.00021,14285.7142857143,1109523.80952381,0.000105,0.0001187897301958,,,,,ISCX_Scenario_B_15s,CHAT,2,0,BULK,0.59,True
T2_005816,DS4_ISCX_SCENARIO_B,2,T2_GRP_CHAT_6,INTERACTIVE,13.467797,6.0143466671,864.4323938058,0.1683474625,0.504338393428672,,,,,ISCX_Scenario_B_15s,CHAT,2,3,WEB,0.53,True
T2_005821,DS4_ISCX_SCENARIO_B,2,T2_GRP_CHAT_1,INTERACTIVE,6.865171,11.798686442,7716.7779214822,0.0858146375,0.653435441654759,,,,,ISCX_Scenario_B_15s,CHAT,2,3,WEB,0.92,True
T2_005822,DS4_ISCX_SCENARIO_B,2,T2_GRP_CHAT_2,INTERACTIVE,0.87362,30.9058858543,6332.2726128065,0.0336007692307692,0.0586963769667653,,,,,ISCX_Scenario_B_15s,CHAT,2,3,WEB,0.57,True
T2_005827,DS4_ISCX_SCENARIO_B,2,T2_GRP_CHAT_7,INTERACTIVE,14.972974,23.3754496602,3637.9546241114,0.0429025042979943,0.137227981389079,,,,,ISCX_Scenario_B_15s,CHAT,2,0,BULK,0.39,True
T2_005833,DS4_ISCX_SCENARIO_B,2,T2_GRP_CHAT_3,INTERACTIVE,14.669541,15.3379032105,2332.9973310003,0.0654890223214286,0.177144319852662,,,,,ISCX_Scenario_B_15s,CHAT,2,0,BULK,0.73,True
T2_005851,DS4_ISCX_SCENARIO_B,2,T2_GRP_CHAT_1,INTERACTIVE,0.0,0.0,0.0,0.0,0.0,,,,,ISCX_Scenario_B_15s,CHAT,2,0,BULK,0.9052318583436616,True
T2_005853,DS4_ISCX_SCENARIO_B,2,T2_GRP_CHAT_3,INTERACTIVE,0.0,0.0,0.0,0.0,0.0,,,,,ISCX_Scenario_B_15s,CHAT,2,0,BULK,0.9052318583436616,True
T2_005854,DS4_ISCX_SCENARIO_B,2,T2_GRP_CHAT_4,INTERACTIVE,0.0,0.0,0.0,0.0,0.0,,,,,ISCX_Scenario_B_15s,CHAT,2,0,BULK,0.9052318583436616,True
T2_005856,DS4_ISCX_SCENARIO_B,2,T2_GRP_CHAT_6,INTERACTIVE,0.883095,30.5742870246,6377.569797134,0.0339651923076923,0.059226567109377,,,,,ISCX_Scenario_B_15s,CHAT,2,3,WEB,0.58,True
T2_005860,DS4_ISCX_SCENARIO_B,2,T2_GRP_CHAT_0,INTERACTIVE,0.0,0.0,0.0,0.0,0.0,,,,,ISCX_Scenario_B_15s,CHAT,2,0,BULK,0.9052318583436616,True
T2_005880,DS4_ISCX_SCENARIO_B,2,T2_GRP_CHAT_0,INTERACTIVE,14.943285,6.8258083815,663.7764052549,0.147953316831683,0.2239071857504989,,,,,ISCX_Scenario_B_15s,CHAT,2,0,BULK,0.97,True
T2_005946,DS4_ISCX_SCENARIO_B,2,T2_GRP_CHAT_6,INTERACTIVE,2.9e-05,68965.5172413793,2758620.68965517,2.9e-05,0.0,,,,,ISCX_Scenario_B_15s,CHAT,2,0,BULK,0.5267142857142858,True
T2_005954,DS4_ISCX_SCENARIO_B,2,T2_GRP_CHAT_4,INTERACTIVE,1.815915,12.665791075,3363.0428737028,0.0825415909090909,0.2112397706568489,,,,,ISCX_Scenario_B_15s,CHAT,2,3,WEB,0.9,True
T2_005959,DS4_ISCX_SCENARIO_B,2,T2_GRP_CHAT_9,INTERACTIVE,8.644738,7.0563156454,3722.4956962259,0.144078966666667,0.7246579165668671,,,,,ISCX_Scenario_B_15s,CHAT,2,3,WEB,0.63,True
T2_005970,DS4_ISCX_SCENARIO_B,2,T2_GRP_CHAT_0,INTERACTIVE,0.000532,5639.0977443609,437969.92481203,0.000266,0.0003309244626799,,,,,ISCX_Scenario_B_15s,CHAT,2,0,BULK,0.56,True
T2_005974,DS4_ISCX_SCENARIO_B,2,T2_GRP_CHAT_4,INTERACTIVE,0.588598,290.5208648347,205420.3378197,0.0034623411764706,0.0190468407079472,,,,,ISCX_Scenario_B_15s,CHAT,2,0,BULK,0.65,True
T2_005984,DS4_ISCX_SCENARIO_B,2,T2_GRP_CHAT_4,INTERACTIVE,14.874517,4.8404933081,3775.0469477429,0.20950023943662,1.6912401505470298,,,,,ISCX_Scenario_B_15s,CHAT,2,3,WEB,0.83,True
T2_005990,DS4_ISCX_SCENARIO_B,2,T2_GRP_CHAT_0,INTERACTIVE,11.098347,5.4062104924,2833.755333114,0.188107576271186,1.32706523563841,,,,,ISCX_Scenario_B_15s,CHAT,2,3,WEB,0.82,True
T2_005993,DS4_ISCX_SCENARIO_B,2,T2_GRP_CHAT_3,INTERACTIVE,14.306657,5.8713925972,2670.9943489943,0.172369361445783,1.0912101445227902,,,,,ISCX_Scenario_B_15s,CHAT,2,3,WEB,0.54,True
T2_005994,DS4_ISCX_SCENARIO_B,2,T2_GRP_CHAT_4,INTERACTIVE,0.621997,106.1098365426,72436.0406882991,0.0095691846153846,0.0343233451246161,,,,,ISCX_Scenario_B_15s,CHAT,2,3,WEB,0.7,True
T2_005999,DS4_ISCX_SCENARIO_B,2,T2_GRP_CHAT_9,INTERACTIVE,0.0,0.0,0.0,0.0,0.0,,,,,ISCX_Scenario_B_15s,CHAT,2,0,BULK,0.9052318583436616,True
T2_006008,DS4_ISCX_SCENARIO_B,2,T2_GRP_CHAT_8,INTERACTIVE,8.564321,8.7572616673,2997.6690504711,0.115734067567568,0.488048984351204,,,,,ISCX_Scenario_B_15s,CHAT,2,3,WEB,0.62,True
T2_006015,DS4_ISCX_SCENARIO_B,2,T2_GRP_CHAT_5,INTERACTIVE,9.876932,8.6059112283,3148.3460653571,0.117582523809524,0.567646160567807,,,,,ISCX_Scenario_B_15s,CHAT,2,3,WEB,0.51,True
T2_006020,DS4_ISCX_SCENARIO_B,2,T2_GRP_CHAT_0,INTERACTIVE,12.947072,12.8214317492,4981.2807096462,0.0784671030303029,0.498551900896843,,,,,ISCX_Scenario_B_15s,CHAT,2,3,WEB,0.8,True
T2_006037,DS4_ISCX_SCENARIO_B,2,T2_GRP_CHAT_7,INTERACTIVE,5.924782,12.3211284398,4474.9325797979,0.0822886388888889,0.341162883727044,,,,,ISCX_Scenario_B_15s,CHAT,2,3,WEB,0.61,True
T2_006040,DS4_ISCX_SCENARIO_B,2,T2_GRP_CHAT_0,INTERACTIVE,14.605084,4.4505050433,1652.9175730862,0.2282044375,1.4702452460282,,,,,ISCX_Scenario_B_15s,CHAT,2,3,WEB,0.52,True
T2_006056,DS4_ISCX_SCENARIO_B,2,T2_GRP_CHAT_6,INTERACTIVE,8.865148,9.5881083993,3345.6858249857,0.105537476190476,0.431136077395608,,,,,ISCX_Scenario_B_15s,CHAT,2,3,WEB,0.73,True
T2_006085,DS4_ISCX_SCENARIO_B,2,T2_GRP_CHAT_5,INTERACTIVE,7.325741,6.4157332344,1037.437714492,0.159255239130435,0.160435655935218,,,,,ISCX_Scenario_B_15s,CHAT,2,0,BULK,0.53,True
T2_006087,DS4_ISCX_SCENARIO_B,2,T2_GRP_CHAT_7,INTERACTIVE,11.368461,0.9675891926,44.685028167,1.1368461,2.52992487674682,,,,,ISCX_Scenario_B_15s,CHAT,2,0,BULK,0.61,True
T2_006094,DS4_ISCX_SCENARIO_B,2,T2_GRP_CHAT_4,INTERACTIVE,14.819237,4.5211504479,477.2175517538,0.224533893939394,0.941697065424376,,,,,ISCX_Scenario_B_15s,CHAT,2,0,BULK,0.5,True
T2_006106,DS4_ISCX_SCENARIO_B,2,T2_GRP_CHAT_6,INTERACTIVE,8.515641,7.5155822093,426.1569974591,0.135168904761905,0.26010148737146,,,,,ISCX_Scenario_B_15s,CHAT,2,1,ICMP,0.45,True
T2_006116,DS4_ISCX_SCENARIO_B,2,T2_GRP_CHAT_6,INTERACTIVE,3.228512,5.2655836497,355.5817664608,0.201782,0.379151067448583,,,,,ISCX_Scenario_B_15s,CHAT,2,0,BULK,0.65,True
T2_006118,DS4_ISCX_SCENARIO_B,2,T2_GRP_CHAT_8,INTERACTIVE,14.934638,5.155799558,568.0753694867,0.1965083947368419,1.0548524589369,,,,,ISCX_Scenario_B_15s,CHAT,2,3,WEB,0.34,True
T2_006122,DS4_ISCX_SCENARIO_B,2,T2_GRP_CHAT_2,INTERACTIVE,1.890015,12.1692155882,858.1942471356,0.0859097727272727,0.105706950745662,,,,,ISCX_Scenario_B_15s,CHAT,2,0,BULK,0.64,True
T2_006141,DS4_ISCX_SCENARIO_B,2,T2_GRP_CHAT_1,INTERACTIVE,3.060666,3.9207152953,210.0849945731,0.278242363636364,0.396216323316386,,,,,ISCX_Scenario_B_15s,CHAT,2,0,BULK,0.89,True
T2_006148,DS4_ISCX_SCENARIO_B,2,T2_GRP_CHAT_8,INTERACTIVE,14.96615,3.0736027636,315.7124577797,0.332581111111111,0.834535018131428,,,,,ISCX_Scenario_B_15s,CHAT,2,0,BULK,0.63,True
T2_006156,DS4_ISCX_SCENARIO_B,2,T2_GRP_CHAT_6,INTERACTIVE,4.4e-05,45454.5454545455,2363636.36363636,4.4e-05,0.0,,,,,ISCX_Scenario_B_15s,CHAT,2,0,BULK,0.8730952380952383,True
T2_006164,DS4_ISCX_SCENARIO_B,2,T2_GRP_CHAT_4,INTERACTIVE,0.8616,6.9637883008,913.4168987929,0.17232,0.166062054496956,,,,,ISCX_Scenario_B_15s,CHAT,2,0,BULK,0.78,True
T2_006167,DS4_ISCX_SCENARIO_B,2,T2_GRP_CHAT_7,INTERACTIVE,0.439382,18.2073912905,2080.194454939,0.0627688571428571,0.100063195539833,,,,,ISCX_Scenario_B_15s,CHAT,2,3,WEB,0.37,True
T2_006194,DS4_ISCX_SCENARIO_B,2,T2_GRP_CHAT_4,INTERACTIVE,0.539464,11.1221508757,1232.7050553883,0.1078928,0.1477070152546929,,,,,ISCX_Scenario_B_15s,CHAT,2,0,BULK,0.97,True
T2_006195,DS4_ISCX_SCENARIO_B,2,T2_GRP_CHAT_5,INTERACTIVE,11.88018,2.0201714115,109.3417776498,0.516529565217391,1.23831489466093,,,,,ISCX_Scenario_B_15s,CHAT,2,0,BULK,0.53,True
T2_006214,DS4_ISCX_SCENARIO_B,2,T2_GRP_CHAT_4,INTERACTIVE,14.004522,0.5712440596,26.3486322489,2.000646,5.12725061253233,,,,,ISCX_Scenario_B_15s,CHAT,2,0,BULK,0.6,True
T2_006219,DS4_ISCX_SCENARIO_B,2,T2_GRP_CHAT_9,INTERACTIVE,14.29599,1.1191949631,59.177433672,0.953066,1.90941942912157,,,,,ISCX_Scenario_B_15s,CHAT,2,0,BULK,0.62,True
T2_006243,DS4_ISCX_SCENARIO_B,2,T2_GRP_CHAT_3,INTERACTIVE,14.926404,4.3546992296,505.8150643651,0.2332250625,0.409182651832812,,,,,ISCX_Scenario_B_15s,CHAT,2,0,BULK,0.57,True
T2_006252,DS4_ISCX_SCENARIO_B,2,T2_GRP_CHAT_2,INTERACTIVE,4.531231,3.3103587083,333.0220860512,0.323659357142857,0.449486412301881,,,,,ISCX_Scenario_B_15s,CHAT,2,0,BULK,0.51,True
T2_006257,DS4_ISCX_SCENARIO_B,2,T2_GRP_CHAT_7,INTERACTIVE,0.199156,10.0423788387,607.5639197413,0.199156,0.0,,,,,ISCX_Scenario_B_15s,CHAT,2,0,BULK,0.83,True
T2_006261,DS4_ISCX_SCENARIO_B,2,T2_GRP_CHAT_1,INTERACTIVE,0.212643,9.4054354011,1072.2196357275,0.212643,0.0,,,,,ISCX_Scenario_B_15s,CHAT,2,0,BULK,0.93,True
T2_006263,DS4_ISCX_SCENARIO_B,2,T2_GRP_CHAT_3,INTERACTIVE,0.263853,7.5799782455,458.5886838505,0.263853,0.0,,,,,ISCX_Scenario_B_15s,CHAT,2,0,BULK,1.0,True
T2_006286,DS4_ISCX_SCENARIO_B,2,T2_GRP_CHAT_6,INTERACTIVE,14.942139,10.7079715963,510.8371699661,0.093975716981132,0.288973591737404,,,,,ISCX_Scenario_B_15s,CHAT,2,0,BULK,0.59,True
T2_006299,DS4_ISCX_SCENARIO_B,2,T2_GRP_CHAT_9,INTERACTIVE,14.907933,8.3847975437,397.774795473,0.1202252661290319,0.361878704964532,,,,,ISCX_Scenario_B_15s,CHAT,2,0,BULK,0.48,True
T2_006321,DS4_ISCX_SCENARIO_B,2,T2_GRP_CHAT_1,INTERACTIVE,13.980216,0.8583558366,264.5881866203,1.27092872727273,3.92957681882756,,,,,ISCX_Scenario_B_15s,CHAT,2,3,WEB,0.79,True
T2_006339,DS4_ISCX_SCENARIO_B,2,T2_GRP_CHAT_9,INTERACTIVE,9.015841,7.2095326437,777.0767031051,0.140872515625,0.22422443104604,,,,,ISCX_Scenario_B_15s,CHAT,2,0,BULK,0.66,True
T2_006341,DS4_ISCX_SCENARIO_B,2,T2_GRP_CHAT_1,INTERACTIVE,0.279569,17.884672478,6019.9807560924,0.06989225,0.111548385342789,,,,,ISCX_Scenario_B_15s,CHAT,2,3,WEB,0.5,True
T2_006357,DS4_ISCX_SCENARIO_B,2,T2_GRP_CHAT_7,INTERACTIVE,12.5942,0.7940162932,226.2152419368,1.39935555555556,3.02846837998755,,,,,ISCX_Scenario_B_15s,CHAT,2,3,WEB,0.62,True
T2_006365,DS4_ISCX_SCENARIO_B,2,T2_GRP_CHAT_5,INTERACTIVE,14.989192,1.0007210529,82.926417915,1.07065657142857,2.1678830005823,,,,,ISCX_Scenario_B_15s,CHAT,2,0,BULK,0.71,True
T2_006370,DS4_ISCX_SCENARIO_B,2,T2_GRP_CHAT_0,INTERACTIVE,11.687684,0.7700413529,216.0393795725,1.4609605,3.74903752394232,,,,,ISCX_Scenario_B_15s,CHAT,2,3,WEB,0.77,True
T2_006373,DS4_ISCX_SCENARIO_B,2,T2_GRP_CHAT_3,INTERACTIVE,14.351491,1.3935834263,394.0357137805,0.755341631578947,1.57527898724599,,,,,ISCX_Scenario_B_15s,CHAT,2,3,WEB,0.51,True
T2_006379,DS4_ISCX_SCENARIO_B,2,T2_GRP_CHAT_9,INTERACTIVE,14.995466,1.9339178922,566.504568781,0.5355523571428571,1.01257540211639,,,,,ISCX_Scenario_B_15s,CHAT,2,3,WEB,0.37,True
T2_006407,DS4_ISCX_SCENARIO_B,2,T2_GRP_CHAT_7,INTERACTIVE,12.094795,3.8032889354,175.1993316133,0.268773222222222,0.59405561868529,,,,,ISCX_Scenario_B_15s,CHAT,2,0,BULK,0.55,True
T2_006413,DS4_ISCX_SCENARIO_B,2,T2_GRP_CHAT_3,INTERACTIVE,10.738217,2.4212585758,261.4959261859,0.42952868,1.11186613909998,,,,,ISCX_Scenario_B_15s,CHAT,2,0,BULK,0.5,True
T2_006426,DS4_ISCX_SCENARIO_B,2,T2_GRP_CHAT_6,INTERACTIVE,0.0,0.0,0.0,0.0,0.0,,,,,ISCX_Scenario_B_15s,CHAT,2,0,BULK,0.9052318583436616,True
T2_006445,DS4_ISCX_SCENARIO_B,2,T2_GRP_CHAT_5,INTERACTIVE,9.896289,1.0104797869,143.4881297424,1.09958766666667,3.0700996858015697,,,,,ISCX_Scenario_B_15s,CHAT,2,0,BULK,0.38,True
T2_006448,DS4_ISCX_SCENARIO_B,2,T2_GRP_CHAT_8,INTERACTIVE,9.171056,1.4175030662,196.9238875,0.764254666666667,2.35658476308252,,,,,ISCX_Scenario_B_15s,CHAT,2,0,BULK,0.5,True
T2_006845,DS4_ISCX_SCENARIO_B,2,T2_GRP_P2P_5,BULK,0.040893,48.9081260851,2543.2225564278,0.040893,0.0,,,,,ISCX_Scenario_B_15s,P2P,0,1,ICMP,0.56,True
T2_006890,DS4_ISCX_SCENARIO_B,2,T2_GRP_P2P_0,BULK,0.280547,78.4182329521,51128.6878847395,0.013359380952381,0.0585666747638759,,,,,ISCX_Scenario_B_15s,P2P,0,3,WEB,0.61,True
T2_006951,DS4_ISCX_SCENARIO_B,2,T2_GRP_P2P_1,BULK,11.716935,2.3897034506,297.0060002893,0.433960555555556,0.892496878715931,,,,,ISCX_Scenario_B_15s,P2P,0,2,INTERACTIVE,0.6,True
T2_007073,DS4_ISCX_SCENARIO_B,2,T2_GRP_P2P_3,BULK,14.943882,51.0576836728,45043.1822199881,0.0196113937007874,0.0678794571301583,,,,,ISCX_Scenario_B_15s,P2P,0,3,WEB,0.6,True
T2_007527,DS4_ISCX_SCENARIO_B,2,T2_GRP_P2P_7,BULK,7.960249,1.381866321,134.5435299825,0.7960249,1.68843410394003,,,,,ISCX_Scenario_B_15s,P2P,0,2,INTERACTIVE,0.89,True
T2_007611,DS4_ISCX_SCENARIO_B,2,T2_GRP_FT_1,BULK,5.221026,1.7237991153,615.3962841786,0.65262825,1.48285536534844,,,,,ISCX_Scenario_B_15s,FT,0,3,WEB,0.64,True
T2_007615,DS4_ISCX_SCENARIO_B,2,T2_GRP_FT_5,BULK,2.721346,28.2948217536,8516.3738826301,0.0358071842105263,0.144294254067648,,,,,ISCX_Scenario_B_15s,FT,0,3,WEB,0.68,True
T2_007616,DS4_ISCX_SCENARIO_B,2,T2_GRP_FT_6,BULK,13.188935,12.4346658771,2911.3040590465,0.0809137116564416,0.167039262321812,,,,,ISCX_Scenario_B_15s,FT,0,2,INTERACTIVE,0.47,True
T2_007636,DS4_ISCX_SCENARIO_B,2,T2_GRP_FT_6,BULK,14.194182,3.3112158207,1676.4615248698,0.308569173913043,0.61471288295293,,,,,ISCX_Scenario_B_15s,FT,0,2,INTERACTIVE,0.39,True
T2_007641,DS4_ISCX_SCENARIO_B,2,T2_GRP_FT_1,BULK,13.696287,3.5776119469,3891.5656484126,0.2853393125,0.484623825174574,,,,,ISCX_Scenario_B_15s,FT,0,3,WEB,0.56,True
T2_007709,DS4_ISCX_SCENARIO_B,2,T2_GRP_FT_9,BULK,14.878699,2.2851460333,140.3348505135,0.450869666666667,1.6935929693472198,,,,,ISCX_Scenario_B_15s,FT,0,2,INTERACTIVE,0.66,True
T2_007715,DS4_ISCX_SCENARIO_B,2,T2_GRP_FT_5,BULK,8.304312,1.0837743091,406.1745271613,1.038039,2.6163303874196697,,,,,ISCX_Scenario_B_15s,FT,0,3,WEB,0.83,True
T2_007718,DS4_ISCX_SCENARIO_B,2,T2_GRP_FT_8,BULK,7.537916,2.5205905717,252.7223704801,0.418773111111111,0.927992432768043,,,,,ISCX_Scenario_B_15s,FT,0,2,INTERACTIVE,0.57,True
T2_007730,DS4_ISCX_SCENARIO_B,2,T2_GRP_FT_0,BULK,5.732561,1.5699789326,563.2735526059,0.716570125,1.70814492569261,,,,,ISCX_Scenario_B_15s,FT,0,3,WEB,0.71,True
T2_007779,DS4_ISCX_SCENARIO_B,2,T2_GRP_FT_9,BULK,14.299813,2.4475844544,1033.0205017366,0.420582735294118,1.02429034861291,,,,,ISCX_Scenario_B_15s,FT,0,3,WEB,0.56,True
T2_007785,DS4_ISCX_SCENARIO_B,2,T2_GRP_FT_5,BULK,12.953847,0.6175771568,185.8907241995,1.85054957142857,4.31910478545101,,,,,ISCX_Scenario_B_15s,FT,0,2,INTERACTIVE,0.36,True
T2_007791,DS4_ISCX_SCENARIO_B,2,T2_GRP_FT_1,BULK,14.060593,1.4935358701,532.6944603261,0.7030296500000001,1.42399409021108,,,,,ISCX_Scenario_B_15s,FT,0,3,WEB,0.56,True
T2_007873,DS4_ISCX_SCENARIO_B,2,T2_GRP_FT_3,BULK,12.116811,1.1554195242,79.1462374052,0.9320623846153848,2.84838931057147,,,,,ISCX_Scenario_B_15s,FT,0,2,INTERACTIVE,0.55,True
T2_007884,DS4_ISCX_SCENARIO_B,2,T2_GRP_FT_4,BULK,0.137568,29.0765294254,1650.0930448942,0.045856,0.0791271419457319,,,,,ISCX_Scenario_B_15s,FT,0,2,INTERACTIVE,0.65,True
T2_007894,DS4_ISCX_SCENARIO_B,2,T2_GRP_FT_4,BULK,1.1014,19.0666424551,1350.0998728891,0.05507,0.0721956615211308,,,,,ISCX_Scenario_B_15s,FT,0,2,INTERACTIVE,0.91,True
T2_007930,DS4_ISCX_SCENARIO_B,2,T2_GRP_FT_0,BULK,14.974431,4.5410740482,420.0493494544,0.223498970149254,0.5804653193340841,,,,,ISCX_Scenario_B_15s,FT,0,2,INTERACTIVE,0.78,True
T2_007953,DS4_ISCX_SCENARIO_B,2,T2_GRP_FT_3,BULK,21.522298,2.4160988757,870.6784006057,0.422005843137255,2.54986690916695,,,,,ISCX_Scenario_B_15s,FT,0,3,WEB,0.36,True
T2_007961,DS4_ISCX_SCENARIO_B,2,T2_GRP_FT_1,BULK,19.074498,0.9960943664,331.4897199392,1.05969433333333,4.34721245139072,,,,,ISCX_Scenario_B_15s,FT,0,3,WEB,0.79,True
T2_007966,DS4_ISCX_SCENARIO_B,2,T2_GRP_FT_6,BULK,10.856195,6.3558180375,1196.0912640202,0.1596499264705879,0.97803681851801,,,,,ISCX_Scenario_B_15s,FT,0,3,WEB,0.98,True
T2_007983,DS4_ISCX_SCENARIO_B,2,T2_GRP_FT_3,BULK,7.597632,2.105919318,151.0997110679,0.5065088,1.48792057309079,,,,,ISCX_Scenario_B_15s,FT,0,2,INTERACTIVE,0.48,True
T2_008047,DS4_ISCX_SCENARIO_B,2,T2_GRP_FT_7,BULK,14.64457,1.9119714679,243.7763621602,0.542391481481481,1.14797257624742,,,,,ISCX_Scenario_B_15s,FT,0,2,INTERACTIVE,0.9,True
T2_008052,DS4_ISCX_SCENARIO_B,2,T2_GRP_FT_2,BULK,8.042347,1.6164435581,229.9080106839,0.6701955833333331,1.19311556427683,,,,,ISCX_Scenario_B_15s,FT,0,2,INTERACTIVE,0.78,True
T2_008072,DS4_ISCX_SCENARIO_B,2,T2_GRP_FT_2,BULK,14.632054,2.6653810873,164.9802549936,0.385054052631579,0.648780897334313,,,,,ISCX_Scenario_B_15s,FT,0,2,INTERACTIVE,0.51,True
T2_008083,DS4_ISCX_SCENARIO_B,2,T2_GRP_FT_3,BULK,10.150367,0.8866674476,91.3267471019,1.268795875,3.2546521004082702,,,,,ISCX_Scenario_B_15s,FT,0,2,INTERACTIVE,0.55,True
T2_008093,DS4_ISCX_SCENARIO_B,2,T2_GRP_FT_3,BULK,14.697582,0.8844992326,304.1996976101,1.2247985,2.37467305957614,,,,,ISCX_Scenario_B_15s,FT,0,2,INTERACTIVE,0.43,True
T2_008113,DS4_ISCX_SCENARIO_B,2,T2_GRP_FT_3,BULK,3.308437,2.7203177815,395.9573659707,0.413554625,0.981786961091493,,,,,ISCX_Scenario_B_15s,FT,0,2,INTERACTIVE,0.51,True
T2_008172,DS4_ISCX_SCENARIO_B,2,T2_GRP_FT_2,BULK,10.505849,5.2351789941,1331.3536107363,0.194552759259259,0.441111355533008,,,,,ISCX_Scenario_B_15s,FT,0,3,WEB,0.46,True
T2_008192,DS4_ISCX_SCENARIO_B,2,T2_GRP_FT_2,BULK,14.939624,2.8113157332,553.3606468275,0.364381073170732,1.24256290336397,,,,,ISCX_Scenario_B_15s,FT,0,3,WEB,0.57,True
T2_008220,DS4_ISCX_SCENARIO_B,2,T2_GRP_FT_0,BULK,5.678149,5.2834119006,2714.9692619901,0.19579824137931,0.758416364172325,,,,,ISCX_Scenario_B_15s,FT,0,3,WEB,0.61,True
T2_008229,DS4_ISCX_SCENARIO_B,2,T2_GRP_FT_9,BULK,14.617169,2.7365080064,363.1346124547,0.374799205128205,1.03648077359467,,,,,ISCX_Scenario_B_15s,FT,0,2,INTERACTIVE,0.58,True
T2_008230,DS4_ISCX_SCENARIO_B,2,T2_GRP_FT_0,BULK,14.828663,2.7649154883,1445.9159264729,0.370716575,1.39818084251392,,,,,ISCX_Scenario_B_15s,FT,0,3,WEB,0.51,True
T2_008237,DS4_ISCX_SCENARIO_B,2,T2_GRP_FT_7,BULK,11.384592,3.6013587487,1883.3349495529,0.2846148,1.06853313390618,,,,,ISCX_Scenario_B_15s,FT,0,3,WEB,0.55,True
T2_008242,DS4_ISCX_SCENARIO_B,2,T2_GRP_FT_2,BULK,11.512214,0.8686426434,364.6561816867,1.2791348888888898,2.29502940038559,,,,,ISCX_Scenario_B_15s,FT,0,3,WEB,0.58,True
T2_008243,DS4_ISCX_SCENARIO_B,2,T2_GRP_FT_3,BULK,12.814751,3.9797886046,2099.3775064377,0.25629502,1.0896814275785,,,,,ISCX_Scenario_B_15s,FT,0,2,INTERACTIVE,0.5,True
T2_008326,DS4_ISCX_SCENARIO_B,2,T2_GRP_FT_6,BULK,14.306397,1.1183808194,57.7364098033,0.9537598,3.23920413049643,,,,,ISCX_Scenario_B_15s,FT,0,2,INTERACTIVE,0.51,True
T2_008402,DS4_ISCX_SCENARIO_B,2,T2_GRP_FT_2,BULK,4.236328,12.0387278794,9217.6526463484,0.0847265599999999,0.362314618732634,,,,,ISCX_Scenario_B_15s,FT,0,3,WEB,0.57,True
T2_008413,DS4_ISCX_SCENARIO_B,2,T2_GRP_FT_3,BULK,6.313077,11.5632994814,4354.7702649596,0.087681625,0.600585731748973,,,,,ISCX_Scenario_B_15s,FT,0,3,WEB,0.83,True
T2_008449,DS4_ISCX_SCENARIO_B,2,T2_GRP_FT_9,BULK,14.995556,29.1419671268,10841.9454403691,0.0343934770642202,0.076597617408697,,,,,ISCX_Scenario_B_15s,FT,0,2,INTERACTIVE,0.39,True
T2_008451,DS4_ISCX_SCENARIO_B,2,T2_GRP_FT_1,BULK,14.033839,23.3008231034,1579.5392835845,0.0430485858895706,0.105484507107261,,,,,ISCX_Scenario_B_15s,FT,0,2,INTERACTIVE,0.5,True
T2_008452,DS4_ISCX_SCENARIO_B,2,T2_GRP_FT_2,BULK,14.817444,28.0750175266,10355.3622338644,0.0357046843373494,0.102827913544732,,,,,ISCX_Scenario_B_15s,FT,0,2,INTERACTIVE,0.47,True
T2_008500,DS4_ISCX_SCENARIO_B,2,T2_GRP_FT_0,BULK,14.750237,2.0338656253,705.3445988698,0.508628862068966,1.90067497501525,,,,,ISCX_Scenario_B_15s,FT,0,3,WEB,0.89,True
T2_008513,DS4_ISCX_SCENARIO_B,2,T2_GRP_FT_3,BULK,14.63355,3.2801336654,1192.533595744,0.311352127659574,1.26914937879374,,,,,ISCX_Scenario_B_15s,FT,0,3,WEB,0.61,True
T2_008519,DS4_ISCX_SCENARIO_B,2,T2_GRP_FT_9,BULK,14.10781,8.0097477922,1690.6947286645,0.125962589285714,0.28861799443521,,,,,ISCX_Scenario_B_15s,FT,0,2,INTERACTIVE,0.39,True
T2_008544,DS4_ISCX_SCENARIO_B,2,T2_GRP_FT_4,BULK,14.98041,6.6086308719,2565.8843783314,0.152861326530612,0.4706829173354689,,,,,ISCX_Scenario_B_15s,FT,0,3,WEB,0.62,True
T2_008553,DS4_ISCX_SCENARIO_B,2,T2_GRP_FT_3,BULK,8.875632,1.8026885297,389.0427183101,0.5917088,0.773065430659814,,,,,ISCX_Scenario_B_15s,FT,0,2,INTERACTIVE,0.36,True
T2_008558,DS4_ISCX_SCENARIO_B,2,T2_GRP_FT_8,BULK,14.843066,1.8190311894,453.4777383594,0.570887153846154,1.1743520110182,,,,,ISCX_Scenario_B_15s,FT,0,2,INTERACTIVE,0.64,True
T2_008566,DS4_ISCX_SCENARIO_B,2,T2_GRP_FT_6,BULK,14.946366,7.2258367017,1749.3215407678,0.139685663551402,0.407063399493375,,,,,ISCX_Scenario_B_15s,FT,0,3,WEB,0.53,True
T2_008568,DS4_ISCX_SCENARIO_B,2,T2_GRP_FT_8,BULK,4.477881,8.9327965616,3031.791153003,0.1148174615384619,0.521373825805759,,,,,ISCX_Scenario_B_15s,FT,0,3,WEB,0.67,True
T2_008628,DS4_ISCX_SCENARIO_B,2,T2_GRP_FT_8,BULK,4.393609,4.5520664219,316.3686163243,0.231242578947368,0.52290501684519,,,,,ISCX_Scenario_B_15s,FT,0,2,INTERACTIVE,0.5,True
T2_008630,DS4_ISCX_SCENARIO_B,2,T2_GRP_FT_0,BULK,14.697673,7.4841779376,2743.767669889,0.134841036697248,0.35130541196592,,,,,ISCX_Scenario_B_15s,FT,0,3,WEB,0.49,True
T2_008698,DS4_ISCX_SCENARIO_B,2,T2_GRP_FT_8,BULK,14.661702,8.1163837595,2896.2531089501,0.124251711864407,0.271997695951108,,,,,ISCX_Scenario_B_15s,FT,0,3,WEB,0.55,True
T2_008703,DS4_ISCX_SCENARIO_B,2,T2_GRP_FT_3,BULK,14.555101,4.3970838815,571.6209045887,0.231033349206349,0.487508667169295,,,,,ISCX_Scenario_B_15s,FT,0,2,INTERACTIVE,0.77,True
T2_008743,DS4_ISCX_SCENARIO_B,2,T2_GRP_FT_3,BULK,14.813502,1.4851316049,148.3106425476,0.7054048571428571,1.7032479776905,,,,,ISCX_Scenario_B_15s,FT,0,2,INTERACTIVE,0.61,True
T2_008777,DS4_ISCX_SCENARIO_B,2,T2_GRP_FT_7,BULK,2.199067,1.8189532197,102.7708569134,0.733022333333333,1.02620321428547,,,,,ISCX_Scenario_B_15s,FT,0,2,INTERACTIVE,0.45,True
T2_008789,DS4_ISCX_SCENARIO_B,2,T2_GRP_FT_9,BULK,11.597367,1.3796234956,77.9487275,0.7731578,1.5126376993056898,,,,,ISCX_Scenario_B_15s,FT,0,2,INTERACTIVE,0.6,True
T2_008790,DS4_ISCX_SCENARIO_B,2,T2_GRP_FT_0,BULK,11.612866,1.0333366458,59.7613026793,1.05571509090909,1.69667347062609,,,,,ISCX_Scenario_B_15s,FT,0,2,INTERACTIVE,0.6,True
T2_008809,DS4_ISCX_SCENARIO_B,2,T2_GRP_FT_9,BULK,5.508056,10.8931354365,2963.4774955084,0.0933568813559322,0.399000097231843,,,,,ISCX_Scenario_B_15s,FT,0,3,WEB,0.95,True
T2_008848,DS4_ISCX_SCENARIO_B,2,T2_GRP_FT_8,BULK,2.230062,29.147171693,8213.672983083,0.03484471875,0.124225640637673,,,,,ISCX_Scenario_B_15s,FT,0,3,WEB,0.66,True
T2_008858,DS4_ISCX_SCENARIO_B,2,T2_GRP_FT_8,BULK,14.947217,3.7465168265,523.9102369357,0.271767581818182,0.991626654893385,,,,,ISCX_Scenario_B_15s,FT,0,2,INTERACTIVE,0.6,True
T2_008878,DS4_ISCX_SCENARIO_B,2,T2_GRP_FT_8,BULK,14.502947,1.4479815723,217.5419933618,0.72514735,1.27068929372148,,,,,ISCX_Scenario_B_15s,FT,0,2,INTERACTIVE,0.72,True
T2_008890,DS4_ISCX_SCENARIO_B,2,T2_GRP_FT_0,BULK,7.854084,4.83824721,2409.3197882783,0.212272540540541,0.595771263158386,,,,,ISCX_Scenario_B_15s,FT,0,2,INTERACTIVE,0.48,True
T2_008899,DS4_ISCX_SCENARIO_B,2,T2_GRP_FT_9,BULK,1.138773,32.4911110467,9131.7584803995,0.0316325833333333,0.0871264237871366,,,,,ISCX_Scenario_B_15s,FT,0,3,WEB,0.94,True
T2_008908,DS4_ISCX_SCENARIO_B,2,T2_GRP_FT_8,BULK,6.624958,3.3207757694,436.0782362696,0.31547419047619,1.053299312747,,,,,ISCX_Scenario_B_15s,FT,0,2,INTERACTIVE,0.45,True
T2_009020,DS4_ISCX_SCENARIO_B,2,T2_GRP_FT_0,BULK,12.516141,4.6340161876,2083.6294509626,0.219581421052632,0.722058745469049,,,,,ISCX_Scenario_B_15s,FT,0,2,INTERACTIVE,0.87,True
T2_009097,DS4_ISCX_SCENARIO_B,2,T2_GRP_FT_7,BULK,13.621214,6.4605107885,1121.4125260788,0.15656567816092,0.933078664220263,,,,,ISCX_Scenario_B_15s,FT,0,3,WEB,0.98,True
T2_009167,DS4_ISCX_SCENARIO_B,2,T2_GRP_FT_7,BULK,14.976838,1.1350860576,469.7253185218,0.936052375,1.27568379035158,,,,,ISCX_Scenario_B_15s,FT,0,3,WEB,0.64,True
T2_009181,DS4_ISCX_SCENARIO_B,2,T2_GRP_FT_1,BULK,8.1e-05,24691.3580246914,987654.320987654,8.1e-05,0.0,,,,,ISCX_Scenario_B_15s,FT,0,2,INTERACTIVE,1.0,True
T2_009250,DS4_ISCX_SCENARIO_B,2,T2_GRP_FT_0,BULK,5.2e-05,38461.5384615385,3942307.69230769,5.2e-05,0.0,,,,,ISCX_Scenario_B_15s,FT,0,2,INTERACTIVE,0.66,True
T2_009296,DS4_ISCX_SCENARIO_B,2,T2_GRP_FT_6,BULK,14.964595,15.904205894,12901.9194973202,0.0631417510548523,0.602535840732068,,,,,ISCX_Scenario_B_15s,FT,0,3,WEB,0.79,True
T2_009326,DS4_ISCX_SCENARIO_B,2,T2_GRP_FT_6,BULK,6.3e-05,31746.0317460317,1269841.26984127,6.3e-05,0.0,,,,,ISCX_Scenario_B_15s,FT,0,2,INTERACTIVE,0.7198730158730158,True
T2_009334,DS4_ISCX_SCENARIO_B,2,T2_GRP_FT_4,BULK,13.089176,5.1951322222,1050.2570979258,0.195360835820896,0.470330318576021,,,,,ISCX_Scenario_B_15s,FT,0,3,WEB,0.45,True
T2_009347,DS4_ISCX_SCENARIO_B,2,T2_GRP_FT_7,BULK,2.2e-05,90909.0909090909,4181818.18181818,2.2e-05,0.0,,,,,ISCX_Scenario_B_15s,FT,0,2,INTERACTIVE,0.8733333333333334,True
T2_009376,DS4_ISCX_SCENARIO_B,2,T2_GRP_FT_6,BULK,8.855625,2.5972192815,364.5140800339,0.402528409090909,0.8303330177941031,,,,,ISCX_Scenario_B_15s,FT,0,2,INTERACTIVE,0.87,True
T2_009390,DS4_ISCX_SCENARIO_B,2,T2_GRP_FT_0,BULK,13.231236,1.51157458,704.6960692108,0.6963808421052631,1.11423683760539,,,,,ISCX_Scenario_B_15s,FT,0,3,WEB,0.58,True
T2_009404,DS4_ISCX_SCENARIO_B,2,T2_GRP_FT_4,BULK,1.027919,18.4839466923,6479.1097353002,0.0571066111111111,0.104912433552737,,,,,ISCX_Scenario_B_15s,FT,0,3,WEB,0.56,True
T2_009425,DS4_ISCX_SCENARIO_B,2,T2_GRP_FT_5,BULK,6.775283,3.3946921479,496.9534113926,0.307967409090909,0.5626332317741161,,,,,ISCX_Scenario_B_15s,FT,0,2,INTERACTIVE,0.53,True
T2_009430,DS4_ISCX_SCENARIO_B,2,T2_GRP_FT_0,BULK,14.765851,1.0158574673,451.7179538111,1.05470364285714,1.3231714548536,,,,,ISCX_Scenario_B_15s,FT,0,3,WEB,0.77,True
T2_009431,DS4_ISCX_SCENARIO_B,2,T2_GRP_FT_1,BULK,62.742938,0.1434424381,17.037774036,7.84286725,21.1,,,,,ISCX_Scenario_B_15s,FT,0,3,WEB,0.88,True
T2_009449,DS4_ISCX_SCENARIO_B,2,T2_GRP_FT_9,BULK,9.003213,1.5550004204,510.040137893,0.692554846153846,1.18877726080907,,,,,ISCX_Scenario_B_15s,FT,0,3,WEB,0.41,True
T2_009459,DS4_ISCX_SCENARIO_B,2,T2_GRP_FT_9,BULK,0.230521,13.0139987246,624.6719387822,0.1152605,0.16298740595365,,,,,ISCX_Scenario_B_15s,FT,0,2,INTERACTIVE,0.61,True
T2_009465,DS4_ISCX_SCENARIO_B,2,T2_GRP_FT_5,BULK,0.937818,22.3924044964,7536.6435705009,0.0468909,0.0922198939146053,,,,,ISCX_Scenario_B_15s,FT,0,3,WEB,0.84,True
T2_009484,DS4_ISCX_SCENARIO_B,2,T2_GRP_FT_4,BULK,14.770761,1.0155197826,451.5677966762,1.05505435714286,1.3303492006003,,,,,ISCX_Scenario_B_15s,FT,0,3,WEB,0.79,True
T2_009496,DS4_ISCX_SCENARIO_B,2,T2_GRP_FT_6,BULK,12.247817,1.6329440585,753.4403886015,0.644621947368421,1.02858755867646,,,,,ISCX_Scenario_B_15s,FT,0,3,WEB,0.62,True
T2_009497,DS4_ISCX_SCENARIO_B,2,T2_GRP_FT_7,BULK,12.853229,0.6224116913,102.7757305188,1.83617557142857,4.63622872025901,,,,,ISCX_Scenario_B_15s,FT,0,2,INTERACTIVE,0.69,True
T2_009502,DS4_ISCX_SCENARIO_B,2,T2_GRP_FT_2,BULK,73.80077,0.7316996828,152.0309340946,1.39246735849057,8.25533947104536,,,,,ISCX_Scenario_B_15s,FT,0,3,WEB,0.6,True
T2_009509,DS4_ISCX_SCENARIO_B,2,T2_GRP_FT_9,BULK,14.763465,1.3546955271,625.056516204,0.777024473684211,1.12674090614144,,,,,ISCX_Scenario_B_15s,FT,0,3,WEB,0.63,True
T2_009513,DS4_ISCX_SCENARIO_B,2,T2_GRP_FT_3,BULK,9.131138,5.1472226134,1130.089152086,0.198503,0.6198280266246801,,,,,ISCX_Scenario_B_15s,FT,0,3,WEB,0.53,True
T2_009517,DS4_ISCX_SCENARIO_B,2,T2_GRP_FT_7,BULK,9.670535,2.4817654866,318.8034581334,0.420458043478261,0.7704643277089459,,,,,ISCX_Scenario_B_15s,FT,0,2,INTERACTIVE,0.81,True
T2_009556,DS4_ISCX_SCENARIO_B,2,T2_GRP_MAIL_6,INTERACTIVE,14.997138,112.4214500127,87524.2996363706,0.0089003786350148,0.0377759701591845,,,,,ISCX_Scenario_B_15s,MAIL,2,0,BULK,0.82,True
T2_009557,DS4_ISCX_SCENARIO_B,2,T2_GRP_MAIL_7,INTERACTIVE,14.826185,15.1758527227,5694.1822862726,0.0661883258928572,0.0852965693525265,,,,,ISCX_Scenario_B_15s,MAIL,2,0,BULK,0.77,True
T2_009743,DS4_ISCX_SCENARIO_B,2,T2_GRP_MAIL_3,INTERACTIVE,0.000127,15748.031496063,1062992.12598425,0.000127,0.0,,,,,ISCX_Scenario_B_15s,MAIL,2,0,BULK,0.58,True
T2_009798,DS4_ISCX_SCENARIO_B,2,T2_GRP_MAIL_8,INTERACTIVE,0.000226,8849.5575221239,353982.300884956,0.000226,0.0,,,,,ISCX_Scenario_B_15s,MAIL,2,0,BULK,0.99,True
T2_009807,DS4_ISCX_SCENARIO_B,2,T2_GRP_MAIL_7,INTERACTIVE,0.000132,15151.5151515152,606060.606060606,0.000132,0.0,,,,,ISCX_Scenario_B_15s,MAIL,2,0,BULK,0.88,True
T2_009846,DS4_ISCX_SCENARIO_B,2,T2_GRP_MAIL_6,INTERACTIVE,0.000147,13605.4421768707,544217.68707483,0.000147,0.0,,,,,ISCX_Scenario_B_15s,MAIL,2,0,BULK,0.91,True
T2_009884,DS4_ISCX_SCENARIO_B,2,T2_GRP_MAIL_4,INTERACTIVE,4.3e-05,46511.6279069767,3139534.88372093,4.3e-05,0.0,,,,,ISCX_Scenario_B_15s,MAIL,2,0,BULK,0.84,True
T2_009891,DS4_ISCX_SCENARIO_B,2,T2_GRP_MAIL_1,INTERACTIVE,0.000661,3025.7186081694,121028.744326778,0.000661,0.0,,,,,ISCX_Scenario_B_15s,MAIL,2,0,BULK,0.62,True
T2_010011,DS4_ISCX_SCENARIO_B,2,T2_GRP_MAIL_1,INTERACTIVE,5.9e-05,33898.3050847458,1355932.20338983,5.9e-05,0.0,,,,,ISCX_Scenario_B_15s,MAIL,2,0,BULK,0.7191666666666667,True
T2_010099,DS4_ISCX_SCENARIO_B,2,T2_GRP_STREAMING_9,BULK,10.416456,1.2480252401,145.0589336719,0.868038,2.46163816145083,,,,,ISCX_Scenario_B_15s,STREAMING,0,2,INTERACTIVE,0.65,True
T2_010198,DS4_ISCX_SCENARIO_B,2,T2_GRP_STREAMING_8,BULK,0.060488,33.0644094696,1719.3492924216,0.060488,0.0,,,,,ISCX_Scenario_B_15s,STREAMING,0,2,INTERACTIVE,0.59,True
T2_011687,DS4_ISCX_SCENARIO_B,2,T2_GRP_VOIP_7,ICMP,10.1782,0.4912459963,25.937788607,2.54455,4.97069114690694,,,,,ISCX_Scenario_B_15s,VOIP,1,0,BULK,0.87,True
T2_012178,DS4_ISCX_SCENARIO_B,2,T2_GRP_VOIP_8,ICMP,9.060446,5.9599715069,596.2178903776,0.170951811320755,0.498445495816457,,,,,ISCX_Scenario_B_15s,VOIP,1,2,INTERACTIVE,0.76,True
T2_012446,DS4_ISCX_SCENARIO_B,2,T2_GRP_VOIP_6,ICMP,11.094418,13.0696355591,1525.8123499583,0.0770445694444443,0.446124629472028,,,,,ISCX_Scenario_B_15s,VOIP,1,3,WEB,0.59,True
T2_012453,DS4_ISCX_SCENARIO_B,2,T2_GRP_VOIP_3,ICMP,5.4e-05,37037.037037037,2666666.66666667,5.4e-05,0.0,,,,,ISCX_Scenario_B_15s,VOIP,1,2,INTERACTIVE,0.71,True
T2_012461,DS4_ISCX_SCENARIO_B,2,T2_GRP_VOIP_1,ICMP,0.0,0.0,0.0,0.0,0.0,,,,,ISCX_Scenario_B_15s,VOIP,1,0,BULK,0.9052318583436616,True
T2_012753,DS4_ISCX_SCENARIO_B,2,T2_GRP_VOIP_3,ICMP,0.0,0.0,0.0,0.0,0.0,,,,,ISCX_Scenario_B_15s,VOIP,1,0,BULK,0.9052318583436616,True
T2_012755,DS4_ISCX_SCENARIO_B,2,T2_GRP_VOIP_5,ICMP,0.0,0.0,0.0,0.0,0.0,,,,,ISCX_Scenario_B_15s,VOIP,1,0,BULK,0.9052318583436616,True
T2_012777,DS4_ISCX_SCENARIO_B,2,T2_GRP_BROWSING_7,WEB,2.848154,3406.7680329083,3116723.32324727,0.000293563595135,0.0040898226481344,,,,,ISCX_Scenario_B_15s,BROWSING,3,0,BULK,0.77,True
T2_012792,DS4_ISCX_SCENARIO_B,2,T2_GRP_BROWSING_2,WEB,14.982349,367.1653890855,401890.184242805,0.0027240634545455,0.0237669994280368,,,,,ISCX_Scenario_B_15s,BROWSING,3,0,BULK,0.59,True
T2_012798,DS4_ISCX_SCENARIO_B,2,T2_GRP_BROWSING_8,WEB,14.99152,262.0147923626,298292.234543262,0.0038175502928443,0.1173835436079149,,,,,ISCX_Scenario_B_15s,BROWSING,3,0,BULK,0.81,True
T2_012799,DS4_ISCX_SCENARIO_B,2,T2_GRP_BROWSING_9,WEB,14.693425,274.5445667025,303001.716754263,0.0036432990329779,0.0328059922937951,,,,,ISCX_Scenario_B_15s,BROWSING,3,0,BULK,0.74,True
T2_012801,DS4_ISCX_SCENARIO_B,2,T2_GRP_BROWSING_1,WEB,14.981237,252.7161141633,288480.851080588,0.0039580546895641,0.0302599406903269,,,,,ISCX_Scenario_B_15s,BROWSING,3,0,BULK,0.78,True
T2_012818,DS4_ISCX_SCENARIO_B,2,T2_GRP_BROWSING_8,WEB,5.613555,423.0830552119,477851.735664833,0.0023645977253581,0.0199815112457824,,,,,ISCX_Scenario_B_15s,BROWSING,3,0,BULK,0.94,True
T2_012820,DS4_ISCX_SCENARIO_B,2,T2_GRP_BROWSING_0,WEB,12.862339,179.360845644,191673.924936981,0.0055777705984389,0.066641807709434,,,,,ISCX_Scenario_B_15s,BROWSING,3,0,BULK,1.0,True
T2_012828,DS4_ISCX_SCENARIO_B,2,T2_GRP_BROWSING_8,WEB,14.973002,111.6008666799,120324.568179447,0.0089658694610779,0.165623170909457,,,,,ISCX_Scenario_B_15s,BROWSING,3,0,BULK,0.9,True
T2_012829,DS4_ISCX_SCENARIO_B,2,T2_GRP_BROWSING_9,WEB,14.890911,116.2454063422,122629.972068197,0.0086074630057804,0.0207511321192846,,,,,ISCX_Scenario_B_15s,BROWSING,3,0,BULK,0.81,True
T2_012840,DS4_ISCX_SCENARIO_B,2,T2_GRP_BROWSING_0,WEB,14.977955,90.7333477768,93250.3135441387,0.0110294219440353,0.125595660029496,,,,,ISCX_Scenario_B_15s,BROWSING,3,0,BULK,0.67,True
T2_012854,DS4_ISCX_SCENARIO_B,2,T2_GRP_BROWSING_4,WEB,10.719439,105.602541327,105665.51104027,0.0094778417329796,0.060824009223679,,,,,ISCX_Scenario_B_15s,BROWSING,3,0,BULK,0.92,True
T2_012859,DS4_ISCX_SCENARIO_B,2,T2_GRP_BROWSING_9,WEB,2.214502,374.3505311804,386316.652683086,0.0026745193236715,0.039362825612872,,,,,ISCX_Scenario_B_15s,BROWSING,3,0,BULK,0.7,True
T2_012864,DS4_ISCX_SCENARIO_B,2,T2_GRP_BROWSING_4,WEB,14.992076,56.6299156968,60135.9678272709,0.0176793349056604,0.27133778542862,,,,,ISCX_Scenario_B_15s,BROWSING,3,0,BULK,0.84,True
T2_012868,DS4_ISCX_SCENARIO_B,2,T2_GRP_BROWSING_8,WEB,11.307328,75.2609281344,74801.0493725839,0.0133027388235294,0.0720204989645073,,,,,ISCX_Scenario_B_15s,BROWSING,3,0,BULK,0.84,True
T2_012883,DS4_ISCX_SCENARIO_B,2,T2_GRP_BROWSING_3,WEB,14.931935,42.8611563069,40443.9880028945,0.0233676604068858,0.0506090412009193,,,,,ISCX_Scenario_B_15s,BROWSING,3,0,BULK,0.44,True
T2_012894,DS4_ISCX_SCENARIO_B,2,T2_GRP_BROWSING_4,WEB,109.838293,4.324539166,3638.9585916089,0.231726356540084,4.77763477555872,,,,,ISCX_Scenario_B_15s,BROWSING,3,0,BULK,0.49,True
T2_012971,DS4_ISCX_SCENARIO_B,2,T2_GRP_BROWSING_1,WEB,0.764651,62.773735992,120963.68147037,0.016269170212766,0.0274879253165736,,,,,ISCX_Scenario_B_15s,BROWSING,3,0,BULK,0.41,True
T2_012988,DS4_ISCX_SCENARIO_B,2,T2_GRP_BROWSING_8,WEB,14.698373,15.7160251682,10566.8157965511,0.0639059695652174,0.262410880216435,,,,,ISCX_Scenario_B_15s,BROWSING,3,0,BULK,0.43,True
T2_013042,DS4_ISCX_SCENARIO_B,2,T2_GRP_BROWSING_2,WEB,1.088834,1213.2244217209,2758923.76615719,0.0008248742424242,0.00703843102154,,,,,ISCX_Scenario_B_15s,BROWSING,3,0,BULK,0.77,True
T2_013622,DS4_ISCX_SCENARIO_B,2,T2_GRP_BROWSING_2,WEB,0.020562,680.8676198813,422283.824530688,0.0015816923076922,0.0036083141928195,,,,,ISCX_Scenario_B_15s,BROWSING,3,0,BULK,0.54,True
T2_013905,DS4_ISCX_SCENARIO_B,2,T2_GRP_BROWSING_5,WEB,1.930541,8.8058217878,3845.5541736746,0.1206588125,0.385622519811057,,,,,ISCX_Scenario_B_15s,BROWSING,3,2,INTERACTIVE,0.54,True
T2_014117,DS4_ISCX_SCENARIO_B,2,T2_GRP_BROWSING_7,WEB,14.984206,3.470320683,476.7019353578,0.293807960784314,1.45101642195521,,,,,ISCX_Scenario_B_15s,BROWSING,3,2,INTERACTIVE,0.61,True
T2_014193,DS4_ISCX_SCENARIO_B,2,T2_GRP_BROWSING_3,WEB,13.698053,4.2341783902,527.0092034248,0.240316719298246,0.915827929647253,,,,,ISCX_Scenario_B_15s,BROWSING,3,2,INTERACTIVE,0.58,True
T2_014240,DS4_ISCX_SCENARIO_B,2,T2_GRP_BROWSING_0,WEB,10.114923,5.2397828436,2098.2858693042,0.19451775,0.6185668105269351,,,,,ISCX_Scenario_B_15s,BROWSING,3,2,INTERACTIVE,0.55,True
T2_014434,DS4_ISCX_SCENARIO_B,2,T2_GRP_BROWSING_4,WEB,0.009548,1256.8077084206,487431.922915794,0.000868,0.0024694374865544,,,,,ISCX_Scenario_B_15s,BROWSING,3,0,BULK,0.47,True
T2_014485,DS4_ISCX_SCENARIO_B,2,T2_GRP_BROWSING_5,WEB,12.11416,3.8797572428,1547.9405918363,0.263351304347826,1.03465904714723,,,,,ISCX_Scenario_B_15s,BROWSING,3,2,INTERACTIVE,0.51,True
T2_014603,DS4_ISCX_SCENARIO_B,2,T2_GRP_BROWSING_3,WEB,0.009438,635.7279084552,375821.148548421,0.0018876,0.0040004687287867,,,,,ISCX_Scenario_B_15s,BROWSING,3,0,BULK,0.61,True
T2_014653,DS4_ISCX_SCENARIO_B,2,T2_GRP_BROWSING_3,WEB,9.1139,4.2791779589,1474.1219455996,0.239839473684211,0.798028531798586,,,,,ISCX_Scenario_B_15s,BROWSING,3,2,INTERACTIVE,0.51,True
T2_014657,DS4_ISCX_SCENARIO_B,2,T2_GRP_BROWSING_7,WEB,14.982232,4.2049809401,599.3099025566,0.2416489032258059,1.29072337468124,,,,,ISCX_Scenario_B_15s,BROWSING,3,2,INTERACTIVE,0.49,True
T2_014675,DS4_ISCX_SCENARIO_B,2,T2_GRP_BROWSING_5,WEB,14.516978,2.0665458059,716.9536249211,0.500585448275862,1.0945557071163998,,,,,ISCX_Scenario_B_15s,BROWSING,3,2,INTERACTIVE,0.52,True
T2_014706,DS4_ISCX_SCENARIO_B,2,T2_GRP_BROWSING_6,WEB,10.77358,1.2994751977,541.788337767,0.828736923076923,1.1757427533935,,,,,ISCX_Scenario_B_15s,BROWSING,3,0,BULK,0.8,True
T2_014735,DS4_ISCX_SCENARIO_B,2,T2_GRP_BROWSING_5,WEB,14.98997,1.8679156796,339.2268296734,0.555184074074074,1.87076852871815,,,,,ISCX_Scenario_B_15s,BROWSING,3,2,INTERACTIVE,0.51,True
T2_015145,DS4_ISCX_SCENARIO_B,2,T2_GRP_BROWSING_5,WEB,14.999723,1.0666863648,509.2760712981,0.999981533333333,1.2984409259698702,,,,,ISCX_Scenario_B_15s,BROWSING,3,0,BULK,0.9,True
T2_015222,DS4_ISCX_SCENARIO_B,2,T2_GRP_BROWSING_2,WEB,0.028966,103.5697024097,97390.043499275,0.014483,0.0176366573080048,,,,,ISCX_Scenario_B_15s,BROWSING,3,2,INTERACTIVE,0.91,True
T2_015244,DS4_ISCX_SCENARIO_B,2,T2_GRP_BROWSING_4,WEB,14.363187,0.6962243129,123.5101931069,1.59590966666667,4.72850880183342,,,,,ISCX_Scenario_B_15s,BROWSING,3,0,BULK,0.42,True
T2_015251,DS4_ISCX_SCENARIO_B,2,T2_GRP_BROWSING_1,WEB,14.325828,0.767843925,105.4040297008,1.4325828,4.47635609928642,,,,,ISCX_Scenario_B_15s,BROWSING,3,2,INTERACTIVE,0.39,True
T2_015259,DS4_ISCX_SCENARIO_B,2,T2_GRP_BROWSING_9,WEB,3.517813,1648.1831183181,1322206.43905745,0.0006068333620838,0.0089717215188467,,,,,ISCX_Scenario_B_15s,BROWSING,3,0,BULK,0.94,True
T2_015264,DS4_ISCX_SCENARIO_B,2,T2_GRP_BROWSING_4,WEB,8.208684,115.0001632418,100821.276589524,0.0087048610816543,0.161152892818387,,,,,ISCX_Scenario_B_15s,BROWSING,3,0,BULK,0.82,True
T2_015265,DS4_ISCX_SCENARIO_B,2,T2_GRP_BROWSING_5,WEB,0.728064,1157.865242616,1083473.43090717,0.0008646840855107,0.0083789534635911,,,,,ISCX_Scenario_B_15s,BROWSING,3,0,BULK,0.82,True
T2_015266,DS4_ISCX_SCENARIO_B,2,T2_GRP_BROWSING_6,WEB,10.897973,94.4212286083,73078.2687753034,0.0106011410505837,0.24144712362863,,,,,ISCX_Scenario_B_15s,BROWSING,3,2,INTERACTIVE,0.48,True
T2_015275,DS4_ISCX_SCENARIO_B,2,T2_GRP_BROWSING_5,WEB,6.881637,55.2194194492,29391.1172588731,0.0181573535620053,0.113971920947506,,,,,ISCX_Scenario_B_15s,BROWSING,3,0,BULK,0.53,True
T2_015296,DS4_ISCX_SCENARIO_B,2,T2_GRP_BROWSING_6,WEB,14.965088,12.9635054602,6940.4870856757,0.0775393160621762,0.15481169738802,,,,,ISCX_Scenario_B_15s,BROWSING,3,0,BULK,0.84,True
T2_015330,DS4_ISCX_SCENARIO_B,2,T2_GRP_BROWSING_0,WEB,14.704627,5.0324295883,2451.4052617588,0.201433246575342,0.7735983289255639,,,,,ISCX_Scenario_B_15s,BROWSING,3,2,INTERACTIVE,0.89,True
T2_015335,DS4_ISCX_SCENARIO_B,2,T2_GRP_BROWSING_5,WEB,14.895495,5.8406921019,3054.3462973201,0.173203430232558,0.410606594356233,,,,,ISCX_Scenario_B_15s,BROWSING,3,0,BULK,0.41,True
T2_015364,DS4_ISCX_SCENARIO_B,2,T2_GRP_BROWSING_4,WEB,13.668589,5.9991561675,3222.2784663435,0.168748012345679,0.3619109157389419,,,,,ISCX_Scenario_B_15s,BROWSING,3,0,BULK,0.47,True
T2_015383,DS4_ISCX_SCENARIO_B,2,T2_GRP_BROWSING_3,WEB,9.998703,6.8008820744,4479.4809886842,0.149234373134328,0.392041266769021,,,,,ISCX_Scenario_B_15s,BROWSING,3,2,INTERACTIVE,0.51,True
T2_015389,DS4_ISCX_SCENARIO_B,2,T2_GRP_BROWSING_9,WEB,11.492949,3.8284342861,1897.0761986328,0.26727788372093,0.698956240735485,,,,,ISCX_Scenario_B_15s,BROWSING,3,2,INTERACTIVE,0.7,True
T2_015396,DS4_ISCX_SCENARIO_B,2,T2_GRP_BROWSING_6,WEB,11.555535,4.3269307739,1785.5512531441,0.235827244897959,0.5985256496657719,,,,,ISCX_Scenario_B_15s,BROWSING,3,2,INTERACTIVE,0.57,True
T2_015420,DS4_ISCX_SCENARIO_B,2,T2_GRP_BROWSING_0,WEB,14.172966,14.534713482,2177.9492027286,0.0691364195121951,0.256217888833506,,,,,ISCX_Scenario_B_15s,BROWSING,3,2,INTERACTIVE,0.65,True
T2_015424,DS4_ISCX_SCENARIO_B,2,T2_GRP_BROWSING_4,WEB,14.452454,2.698503659,1584.5059946221,0.3803277368421049,1.19655694560717,,,,,ISCX_Scenario_B_15s,BROWSING,3,2,INTERACTIVE,0.5,True
T2_015430,DS4_ISCX_SCENARIO_B,2,T2_GRP_BROWSING_0,WEB,14.52512,12.1857857284,4033.4950761164,0.0825290909090909,0.7320567955635661,,,,,ISCX_Scenario_B_15s,BROWSING,3,2,INTERACTIVE,0.39,True
T2_015553,DS4_ISCX_SCENARIO_B,2,T2_GRP_BROWSING_3,WEB,14.952262,5.0159634709,1967.7959094082,0.202057594594595,0.312961643233231,,,,,ISCX_Scenario_B_15s,BROWSING,3,0,BULK,0.8,True
T2_015646,DS4_ISCX_SCENARIO_B,2,T2_GRP_BROWSING_6,WEB,1.110365,20.7139093902,13718.9122495756,0.0504711363636364,0.0734291980415701,,,,,ISCX_Scenario_B_15s,BROWSING,3,0,BULK,0.53,True
T2_015666,DS4_ISCX_SCENARIO_B,2,T2_GRP_BROWSING_6,WEB,14.772254,5.6186415424,4263.1273467137,0.18014943902439,0.4860871595201679,,,,,ISCX_Scenario_B_15s,BROWSING,3,2,INTERACTIVE,0.42,True
T2_015694,DS4_ISCX_SCENARIO_B,2,T2_GRP_BROWSING_4,WEB,14.011361,11.990269896,5975.4366474463,0.0839003652694611,0.300534661096172,,,,,ISCX_Scenario_B_15s,BROWSING,3,2,INTERACTIVE,0.54,True
T2_015715,DS4_ISCX_SCENARIO_B,2,T2_GRP_BROWSING_5,WEB,14.878198,7.3933684711,2797.0457174989,0.136497229357798,0.215724889686307,,,,,ISCX_Scenario_B_15s,BROWSING,3,0,BULK,0.56,True
T2_015828,DS4_ISCX_SCENARIO_B,2,T2_GRP_BROWSING_8,WEB,14.681783,2.111460168,669.537208117,0.489392766666667,1.07310525251097,,,,,ISCX_Scenario_B_15s,BROWSING,3,2,INTERACTIVE,0.54,True
T2_015963,DS4_ISCX_SCENARIO_B,2,T2_GRP_BROWSING_3,WEB,14.706387,4.2158553287,2703.5872237008,0.24108831147541,1.2913259860432098,,,,,ISCX_Scenario_B_15s,BROWSING,3,2,INTERACTIVE,0.45,True
T2_016002,DS4_ISCX_SCENARIO_B,2,T2_GRP_BROWSING_2,WEB,14.989164,5.7374780875,2176.9726450388,0.176343105882353,0.289725707455243,,,,,ISCX_Scenario_B_15s,BROWSING,3,0,BULK,0.51,True
T2_016327,DS4_ISCX_SCENARIO_B,2,T2_GRP_BROWSING_7,WEB,14.595887,3.4941350258,1224.9341201395,0.29191774,0.603250324043057,,,,,ISCX_Scenario_B_15s,BROWSING,3,2,INTERACTIVE,0.44,True
T2_016339,DS4_ISCX_SCENARIO_B,2,T2_GRP_BROWSING_9,WEB,0.001228,6514.657980456,3661237.78501629,0.0001754285714286,0.0003636634694984,,,,,ISCX_Scenario_B_15s,BROWSING,3,0,BULK,0.77,True
T2_016395,DS4_ISCX_SCENARIO_B,2,T2_GRP_BROWSING_5,WEB,14.711085,3.4667735249,1617.8956208873,0.2942217,0.99618610343244,,,,,ISCX_Scenario_B_15s,BROWSING,3,2,INTERACTIVE,0.58,True
T2_016457,DS4_ISCX_SCENARIO_B,2,T2_GRP_BROWSING_7,WEB,14.717185,5.2999265824,1427.8545795273,0.1911322727272729,0.201205541213531,,,,,ISCX_Scenario_B_15s,BROWSING,3,0,BULK,0.94,True
T2_016489,DS4_ISCX_SCENARIO_B,2,T2_GRP_BROWSING_9,WEB,14.980768,4.0718873692,545.1656417081,0.249679466666667,1.17445802055402,,,,,ISCX_Scenario_B_15s,BROWSING,3,2,INTERACTIVE,0.64,True
T2_016495,DS4_ISCX_SCENARIO_B,2,T2_GRP_BROWSING_5,WEB,10.851652,1.2901261485,503.9785647383,0.834742461538461,1.47943189686526,,,,,ISCX_Scenario_B_15s,BROWSING,3,0,BULK,0.66,True
T2_016657,DS4_ISCX_SCENARIO_B,2,T2_GRP_BROWSING_7,WEB,13.947746,1.3622272731,407.0908661514,0.774874777777778,1.91542373912428,,,,,ISCX_Scenario_B_15s,BROWSING,3,2,INTERACTIVE,0.47,True
T2_016700,DS4_ISCX_SCENARIO_B,2,T2_GRP_BROWSING_0,WEB,14.003002,1.0711988758,307.6483171251,1.00021442857143,1.96427873489922,,,,,ISCX_Scenario_B_15s,BROWSING,3,0,BULK,0.43,True
T2_016758,DS4_ISCX_SCENARIO_B,2,T2_GRP_BROWSING_8,WEB,13.720511,1.311904491,464.2684226557,0.807088882352941,1.28148817599766,,,,,ISCX_Scenario_B_15s,BROWSING,3,0,BULK,0.54,True
T2_016873,DS4_ISCX_SCENARIO_B,2,T2_GRP_BROWSING_3,WEB,0.317609,15.7426269407,7918.5413511582,0.07940225,0.110852224842731,,,,,ISCX_Scenario_B_15s,BROWSING,3,0,BULK,0.46,True
T2_016900,DS4_ISCX_SCENARIO_B,2,T2_GRP_BROWSING_0,WEB,1.197643,6.6797868814,3492.6935656118,0.171091857142857,0.264506507281597,,,,,ISCX_Scenario_B_15s,BROWSING,3,0,BULK,0.58,True
T2_016929,DS4_ISCX_SCENARIO_B,2,T2_GRP_BROWSING_9,WEB,14.926298,2.0768713046,548.8299912008,0.497543266666667,1.31774219615948,,,,,ISCX_Scenario_B_15s,BROWSING,3,2,INTERACTIVE,0.54,True
T2_016943,DS4_ISCX_SCENARIO_B,2,T2_GRP_BROWSING_3,WEB,14.17177,1.834633218,504.3124465046,0.5668708,1.4098697091056098,,,,,ISCX_Scenario_B_15s,BROWSING,3,2,INTERACTIVE,0.69,True
T2_016952,DS4_ISCX_SCENARIO_B,2,T2_GRP_BROWSING_2,WEB,0.378329,15.8592124844,5812.4013755224,0.0756658,0.111167522068948,,,,,ISCX_Scenario_B_15s,BROWSING,3,0,BULK,0.67,True
T2_016957,DS4_ISCX_SCENARIO_B,2,T2_GRP_BROWSING_7,WEB,13.83947,1.8786846606,478.4142745351,0.5535788,1.41744893464731,,,,,ISCX_Scenario_B_15s,BROWSING,3,2,INTERACTIVE,0.51,True
T2_016960,DS4_ISCX_SCENARIO_B,2,T2_GRP_BROWSING_0,WEB,1.536446,12.3662009599,1573.761785315,0.085358111111111,0.176895024129929,,,,,ISCX_Scenario_B_15s,BROWSING,3,2,INTERACTIVE,0.46,True
T2_016997,DS4_ISCX_SCENARIO_B,2,T2_GRP_BROWSING_7,WEB,3.387111,6.7904476706,794.777614315,0.153959590909091,0.6457003369133509,,,,,ISCX_Scenario_B_15s,BROWSING,3,2,INTERACTIVE,0.55,True
T2_017014,DS4_ISCX_SCENARIO_B,2,T2_GRP_BROWSING_4,WEB,0.755457,5.2948083081,2209.2587665479,0.251819,0.238803945426997,,,,,ISCX_Scenario_B_15s,BROWSING,3,0,BULK,0.94,True
T2_017023,DS4_ISCX_SCENARIO_B,2,T2_GRP_BROWSING_3,WEB,5.982684,1.170043412,472.6975384292,0.997114,2.05517741623097,,,,,ISCX_Scenario_B_15s,BROWSING,3,0,BULK,0.58,True
T2_017064,DS4_ISCX_SCENARIO_B,2,T2_GRP_BROWSING_4,WEB,7.176234,0.8360931374,179.8993734039,1.4352468,3.20357858072156,,,,,ISCX_Scenario_B_15s,BROWSING,3,0,BULK,0.85,True
T2_017259,DS4_ISCX_SCENARIO_B,2,T2_GRP_BROWSING_9,WEB,0.303295,26.3769597257,3419.1134044412,0.0433278571428571,0.0744768752319102,,,,,ISCX_Scenario_B_15s,BROWSING,3,2,INTERACTIVE,0.56,True
T2_017263,DS4_ISCX_SCENARIO_B,2,T2_GRP_BROWSING_3,WEB,1.144723,16.5979018505,1901.7701225537,0.0635957222222221,0.116399116916655,,,,,ISCX_Scenario_B_15s,BROWSING,3,2,INTERACTIVE,0.45,True
T2_017324,DS4_ISCX_SCENARIO_B,2,T2_GRP_BROWSING_4,WEB,0.569046,28.1172348105,3326.6203435223,0.0379364,0.0505090907932141,,,,,ISCX_Scenario_B_15s,BROWSING,3,2,INTERACTIVE,0.85,True
T2_017533,DS4_ISCX_SCENARIO_B,2,T2_GRP_BROWSING_3,WEB,0.068012,58.8131506205,10439.334235135,0.0226706666666667,0.039235569638191,,,,,ISCX_Scenario_B_15s,BROWSING,3,2,INTERACTIVE,0.64,True
T2_017535,DS4_ISCX_SCENARIO_B,2,T2_GRP_BROWSING_5,WEB,1.405631,12.8056367567,884.3003604787,0.0826841764705881,0.1043003536635509,,,,,ISCX_Scenario_B_15s,BROWSING,3,0,BULK,0.66,True
T2_017561,DS4_ISCX_SCENARIO_B,2,T2_GRP_BROWSING_1,WEB,14.808126,0.7428353865,185.0335417189,1.4808126,3.83656997581505,,,,,ISCX_Scenario_B_15s,BROWSING,3,0,BULK,0.5,True
T2_017642,DS4_ISCX_SCENARIO_B,2,T2_GRP_BROWSING_2,WEB,13.261452,0.678658717,172.4547206445,1.6576815,3.39058043642195,,,,,ISCX_Scenario_B_15s,BROWSING,3,0,BULK,0.48,True
T2_017760,DS4_ISCX_SCENARIO_B,2,T2_GRP_P2P_0,BULK,14.327695,0.5583591778,145.7317454064,2.04681357142857,3.73834282640189,,,,,ISCX_Scenario_B_15s,P2P,0,3,WEB,0.5,True
T2_017762,DS4_ISCX_SCENARIO_B,2,T2_GRP_P2P_2,BULK,14.737702,0.542825469,139.5061455307,2.105386,2.81085721487541,,,,,ISCX_Scenario_B_15s,P2P,0,2,INTERACTIVE,0.57,True
T2_017765,DS4_ISCX_SCENARIO_B,2,T2_GRP_P2P_5,BULK,9.969953,0.8024110043,199.8003400818,1.424279,3.18948664050102,,,,,ISCX_Scenario_B_15s,P2P,0,3,WEB,0.48,True
T2_017766,DS4_ISCX_SCENARIO_B,2,T2_GRP_P2P_6,BULK,12.761499,0.7836070042,160.7961572539,1.41794433333333,3.30590409583791,,,,,ISCX_Scenario_B_15s,P2P,0,3,WEB,0.66,True
T2_017768,DS4_ISCX_SCENARIO_B,2,T2_GRP_P2P_8,BULK,8.01201,3.3699408763,327.5083281224,0.308154230769231,0.888907153073067,,,,,ISCX_Scenario_B_15s,P2P,0,2,INTERACTIVE,0.77,True
T2_017855,DS4_ISCX_SCENARIO_B,2,T2_GRP_P2P_5,BULK,14.98487,0.5338718321,119.5872903802,2.1406957142857097,4.0157337806294,,,,,ISCX_Scenario_B_15s,P2P,0,3,WEB,0.44,True
T2_018196,DS4_ISCX_SCENARIO_B,2,T2_GRP_P2P_6,BULK,8.712389,0.6886744841,95.8405323729,1.7424778,2.76398878317079,,,,,ISCX_Scenario_B_15s,P2P,0,2,INTERACTIVE,0.57,True
