experiment_group,sample_count
T1_GRP_BULK_0,6
T1_GRP_BULK_1,6
T1_GRP_BULK_2,6
T1_GRP_BULK_3,6
T1_GRP_BULK_4,6
T1_GRP_ICMP_0,2
T1_GRP_ICMP_1,1
T1_GRP_ICMP_2,1
T1_GRP_ICMP_3,1
T1_GRP_ICMP_4,1
T1_GRP_INTERACTIVE_0,5
T1_GRP_INTERACTIVE_1,6
T1_GRP_INTERACTIVE_2,5
T1_GRP_INTERACTIVE_3,5
T1_GRP_INTERACTIVE_4,5
T1_GRP_WEB_0,4
T1_GRP_WEB_1,4
T1_GRP_WEB_2,5
T1_GRP_WEB_3,5
T1_GRP_WEB_4,4
T2_GRP_BROWSING_0,500
T2_GRP_BROWSING_1,500
T2_GRP_BROWSING_2,500
T2_GRP_BROWSING_3,500
T2_GRP_BROWSING_4,500
T2_GRP_BROWSING_5,500
T2_GRP_BROWSING_6,500
T2_GRP_BROWSING_7,500
T2_GRP_BROWSING_8,500
T2_GRP_BROWSING_9,500
T2_GRP_CHAT_0,209
T2_GRP_CHAT_1,208
T2_GRP_CHAT_2,208
T2_GRP_CHAT_3,208
T2_GRP_CHAT_4,208
T2_GRP_CHAT_5,209
T2_GRP_CHAT_6,209
T2_GRP_CHAT_7,209
T2_GRP_CHAT_8,209
T2_GRP_CHAT_9,209
T2_GRP_FT_0,296
T2_GRP_FT_1,295
T2_GRP_FT_2,295
T2_GRP_FT_3,295
T2_GRP_FT_4,295
T2_GRP_FT_5,295
T2_GRP_FT_6,295
T2_GRP_FT_7,295
T2_GRP_FT_8,294
T2_GRP_FT_9,295
T2_GRP_MAIL_0,74
T2_GRP_MAIL_1,75
T2_GRP_MAIL_2,74
T2_GRP_MAIL_3,74
T2_GRP_MAIL_4,74
T2_GRP_MAIL_5,74
T2_GRP_MAIL_6,74
T2_GRP_MAIL_7,73
T2_GRP_MAIL_8,74
T2_GRP_MAIL_9,74
T2_GRP_P2P_0,192
T2_GRP_P2P_1,193
T2_GRP_P2P_2,193
T2_GRP_P2P_3,193
T2_GRP_P2P_4,193
T2_GRP_P2P_5,193
T2_GRP_P2P_6,193
T2_GRP_P2P_7,193
T2_GRP_P2P_8,193
T2_GRP_P2P_9,192
T2_GRP_STREAMING_0,95
T2_GRP_STREAMING_1,95
T2_GRP_STREAMING_2,96
T2_GRP_STREAMING_3,96
T2_GRP_STREAMING_4,96
T2_GRP_STREAMING_5,96
T2_GRP_STREAMING_6,96
T2_GRP_STREAMING_7,96
T2_GRP_STREAMING_8,96
T2_GRP_STREAMING_9,95
T2_GRP_VOIP_0,510
T2_GRP_VOIP_1,510
T2_GRP_VOIP_2,510
T2_GRP_VOIP_3,510
T2_GRP_VOIP_4,510
T2_GRP_VOIP_5,509
T2_GRP_VOIP_6,509
T2_GRP_VOIP_7,510
T2_GRP_VOIP_8,509
T2_GRP_VOIP_9,510
