learning_rate,max_depth,n_estimators,mean_macro_f1
0.01,3,50,0.5947
0.01,3,100,0.6093
0.01,3,200,0.6638
0.01,5,50,0.6511
0.01,5,100,0.7234
0.01,5,200,0.8033
0.01,7,50,0.753
0.01,7,100,0.8015
0.01,7,200,0.8322
0.1,3,50,0.7909
0.1,3,100,0.8251
0.1,3,200,0.8388
0.1,5,50,0.8321
0.1,5,100,0.8499
0.1,5,200,0.8656
0.1,7,50,0.8552
0.1,7,100,0.8684
0.1,7,200,0.8775
0.2,3,50,0.8269
0.2,3,100,0.8395
0.2,3,200,0.8549
0.2,5,50,0.8513
0.2,5,100,0.8667
0.2,5,200,0.8758
0.2,7,50,0.8711
0.2,7,100,0.8788
0.2,7,200,0.8838
